张莉	北京天健中宇恒业工程咨询公司	图 8 ： 现场 损毁 后 的 挖机 图 9 ： 自卸车 正在 运输 燃烧 中 的 煤矸石 图 10 ： 大 粒径 石块 剥离 图 11 ： 机械 坡面 修复 本次 调研 由 住房 和 城乡 建设部 标准 定额 研究所 副研究员 董宇 、 中国 建设 工程 造价 管理 协会 主任 舒宇 、 中国 煤炭 建设 协会 秘书长 单益新 、 煤炭 工业 西安 工程 造价 管理站 副站长 杨振义 、 内蒙古 自治区 建设 工程 标准 定额 总站 站长 庞天 、 定额 科 科长 刘 银龙 、 山西省 工程 建设 标准 定额 站 总 工程师 	张莉 	、 工程师 王洋 、 中国 有色 金属 工业 工程 建设 定额 站 技术 总监 林发 、 乌海市 建设 工程 标准 定额 管理 站站 长白 继 凡 、 副站长 祝少 冬 、 	北京 天健中宇恒业 工程 咨询 公司 	副总经理 沙兵 等 同志 组成 专家 组 ， 对 乌海 矿区 生态 环境 综合 治理 项目 及 矿区 现状 进行 调研 ； 

利亚德	美的集团	另 据 证券 时报 ， 上周 兆易 创新 （ 603986 ） 、 	利亚德 	（ 300296 ） 、 	美的 集团 	（ 000333 ） 等 获得 超过 50 家 机构 扎堆 调研 

中国企业改革体制研究会	李锦	作为 中国 国有 企业 改革 调查 第一 人 ， 被 胡耀邦 、 邓小平 、 胡锦涛 等 国家 领导人 批示 国企 改革 调研 有 思考 的 	中国 企业 改革 体制 研究会 	副会长 	李锦 	指出 ： 国企 改革 ， 政府 改革 在先 ， 企业 改革 在后 ， 是 相辅相成 的 

中交集团	王海怀	国资委 产权 管理局 局长 贾立克 、 国际 合作局 局长 殷长波 、 规划 发展局 副局长 孟华强 、 中广 核 办公厅 主任 胡光耀 、 铀业 公司 总经理 安军靖 、 斯科 公司 总经理 蔡于胜 、 	中 交 集团 	副总经理 	王海怀 	等一同 参加 调研 和 座谈 

春辉机械制造有限公司	鲁泰	调研组 先后 对 济宁市 中山 公用 水 务 有限 公司 、 济宁 落陵 	春辉 机械 制造 有限 公司 	、 	鲁泰 	控股 凯本 金威 特种 化学品 （ 济宁 ） 有限 公司 进行 了 调研 ， 听取 了 混合 所有制 改革 工作 情况 汇报 、 召开 了 座谈会 ， 对 生产 车间 进行 了 实地 走访 ， 了解 了 基层 干部 群众 的 反映 ， 在 推进 混合 所有制 过程 中 采取 的 措施 ， 取得 的 成效 ， 遇到 的 困难 ， 需要 提请 市 经济 体制 改革 专项 小组 解决 的 问题 等 

李成	粤海控股集团	为 认真 落实 省委 省政府 关于 打好 污染 防治 攻坚战 的 要求 ， 近日 ， 省 国资委 主任 、 党委 书记 	李成 	， 副主任 、 党委 委员 黄敦新 等 一行 调研 广业 集团 、 建工 集团 、 	粤海 控股 集团 	在 揭阳 、 汕头 地区 的 环保 基础 设施 建设 情况 ， 重点 调研 了 广业 集团 普宁 垃圾 焚烧 发电 项目 、 练 江 流域 整治 环保 工程 项目 

山东君润企业管理咨询有限公司	马恒艳	3月 25日 ， 省 国资委 综合 评价 组 组长 、 	山东 君润 企业 管理 咨询 有限 公司 	董事长 	马恒艳 	一行 到 东滩矿 调研 指导 工作 

鲁西集团	张金成	7月 14日 上午 ， 聊城市 国资委 副主任 韩春岐 ， 	鲁西 集团 	党委 书记 、 董事长 	张金成 	等一行 四 人 来 滨州市 国资委 考察 调研 

赵荣哲	西安设计公司	6月 18日 至 19日 ， 	赵荣哲 	同志 围绕 “ 双百 行动 ” 以及 财务 、 信息化 建设 等到 	西安 设计 公司 	调研 

中国三峡集团	寇伟	履新 半年 以来 ， 章 建华 已 先后 赴 国家 电网 、 中国 华能 、 	中国 三峡 集团 	等 电网 、 电力 央企 实地 调研 ， 与 	寇伟 	等 一把手 就 相关 问题 展开 了 深入 交流 与 探讨 ， 同时 也 与 陕西 、 广东 、 浙江 等 地方 政府 加强 了 沟通 与 交流 ， 勾勒 了 电力 改革 、 能源 发展 改革 的 新 路径 

张黎明	中唱集团公司	8月 17日 ， 中国 华录 集团 总经理 	张黎明 	等一行 赴 	中唱 集团 公司 	现场 调研 经营 工作 

张亚敏	四川省企业家协会	全国 工商联 副主席 、 四川省 政协 副主席 、 省 工商联 主席 陈放 先生 ， 中国 会展 经济 研究会 会长 袁再清 先生 ， 四川省 国资委 党委 委员 、 副主任 秦明 先生 ， 四川省 知识 产权局 副局长 杨早林 先生 ， 四川省 工商 行政 管理局 商标 分局 局长 周广平 先生 ， 四川省 发展 和 改革 委员会 调研员 	张亚敏 	女士 ， 四川省 经济 和 信息化 委员会 副 调研员 刘凯 先生 ， 省企联 特邀 副 会长 、 省政协 原 常委 、 省 农业厅 原 常务 副厅长 傅志康 先生 ， 省企联 特邀 副 会长 、 省政府 原 副秘书长 张晋川 先生 ， 省企联 顾问 、 省人大 常委会 法制 工作 委员会 原 主任 杨文 先生 ， 省企联 顾问 、 省 国 安厅 原 常务 副厅长 马方 元 先生 ， 省企联 顾问 、 省 国资委 原 副主任 李继郁 先生 ， 四川省 企业 联合会 、 	四川省 企业家 协会 	副会长 兼 秘书长 梁勤 先生 ， 四川省 质量 协会 驻 会 副会长 罗召贵 先生 等 领导 及 相关 政府 部门 负责人 出席 大会 

张海波	文旅集团	7月 22日 至 24日 ， 市委 副书记 、 市长 	张海波 	到 市 产 投 集团 、 城投 集团 、 	文 旅 集团 	调研 市属 国有 企业 改革 发展 工作 ， 与 企业 领导 班子 共同 探讨 改革 后 的 发展 路径 ， 要求 找准 定位 ， 突出 主业 ， 理清 思路 ， 整合 各 类 资源 ， 理顺 管理 机制 ， 推动 企业 做 强 做 优 做 精 ， 努力 在 加快 新旧 动能 转换 、 推动 精致 城市 建设 上 发挥 更大 作用 

马德利	日照市盐业公司	1月 16日 ， 日照市 国资委 党委 副书记 、 调研员 王雷 ， 副调研员 	马德利 	到 	日照市 盐业 公司 	召集 会议 ， 通报 盐业 改革 进展 情况 ， 安排 部署 当前 有关 工作 

建研科技股份公司高性能混凝土研究中心	周永祥	会议 由 建委 科技处 调研员 徐东林 主持 ， 中国 建筑 科学 研究院 顾问 副总工程师 赵 基达 ， 华夏 建宇 （ 北京 ） 混凝土 技术 研究院 院长 路 来 军 ， 中国 建筑 标准 设计 研究院 钢结构 所 所长 王喆 ， 中国 新兴 建设 开发 有限 责任 公司 副总工程师 李栋 ， 	建 研 科技 股份 公司 高 性能 混凝土 研究 中心 	主任 	周永祥 	等 审查 专家 出席 会议 

郝鹏	龙源电力南非可再生能源公司	作者 : 浏览 次数 ： 次 10月 14日 ， 国务院 国资委 主任 、 党委 副书记 	郝鹏 	到 	龙源 电力 南非 可 再生 能源 公司 	调研 ， 集团 党组 成员 、 副总经理 高嵩 陪同 调研 

李保军	嘉祥县山东中材大力专用汽车有限公司	7月 4日 ， 市 国资委 党委 书记 、 主任 丰家 雷 带领 济宁市 国有 资产 投资 控股 有限 公司 董事长 虢洪增 、 市惠达 投资 公司 总经理 	李保军 	等 相关 负责 同志 赴 	嘉祥 县 山东 中材 大力 专用 汽车 有限 公司 	进行 考察 调研 

王晓昀	建工集团	1月 18日 ， 省 国资委 副主任 	王晓昀 	到 粤 水电 承建 的 粤东 区域 重点 工程 练 江 流域 环保 整治 工程 项目 调研 ， 潮 南区 区委 常委 、 常务 副区长 王楚彬 、 总 承包 事业部 副总经理 胡顺彬 、 粤海 水 务 集团 总经理 谭奇峰 、 	建工 集团 	副总经理 黄瑛鹏 、 粤 水电 副总经理 王伟导 、 副总工程师 、 工程 管理部 经理 石爱军 及 工程 建设 公司 粤东 区域 重点 工程 项目 部 相关 人员 参加 调研 

中国企业联合会	刘兴国	 	中国 企业 联合会 	研究员 	刘兴国 	也 对 《 经济 参考 报 》 记者 表示 ， 当前 针对 民企 的 调研 就是 要 弄清 民间 投资 与 民企 发展 的 主要 障碍 ， 以便 后续 有 针对性 地 出台 政策 举措 

张宏永	太原贵金属公司	 	张宏永 	副主任 在 中海 油 	太原 贵 金属 公司 	入 企 服务 时 ， 及时 向 企业 传达 了 省委 省政府 有关 文件 精神 ， 对 产品 生产线 及 新 搬迁 厂区 进行 调研 检查 ， 要求 对 薄弱 环节 、 关键 岗位 进行 自查 ， 认真 梳理 风险 点 ， 坚决 防范 化解 各 类 重大 风险 

北勘公司	王海渤	公司 领导 到 石家庄 综合 保税区 标准化 仓库 建设 项目 检查 调研 工作 2018年 4月 25日 ， 	北勘 公司 	副总经理 陆洪根 、 生产 运 营部 主任 王永正 、 科技 质量 与 安全部 副主任 黄彬 、 科技 质量 与 安全部 张春辉 一行 四 人 到 石家庄 综合 保税区 标准化 保税 仓库 建设 项目 一 期 工程 进行 检查 调研 ， 第一 勘察 设计 研究所 副所长 	王海渤 	及 项目 人员 张晓畅 、 杜新鹏 陪同 并 做 详细 讲解 

三峡集团	乌兰察布	 	三峡 集团 	负责人 王良友 一行 来到 	乌兰察布 	， 调研 考察 并 洽谈 与 

张宪宝	波瑞公司	总经理 姜涛 、 监事会 主席 张文涛 、 副总经理 姬剑锷 、 副总经理 	张宪宝 	， 爱 	波瑞 公司 	董事长 王洪艳 、 总裁 王德强 等 领导 陪同 调研 和 座谈 

周旭	重庆缙融资本运营管理有限公司	记者 曾晓隆 2月 19日 ， 区委 书记 	周旭 	前往 	重庆 缙融 资本 运营 管理 有限 公司 	， 调研 督导 国企 改革 工作 ， 并 召开 座谈会 

郝鹏	空客天津总装公司	九 、 	郝鹏 	强调 中央 企业 要 履行 职责 使命 推动 企业 高 质量 发展 事件 ： 7月 24日 ， 国资委 主任 	空客 天津 总装 公司 	 

孟华强	铀业公司	国资委 产权 管理局 局长 贾立克 、 国际 合作局 局长 殷长波 、 规划 发展局 副局长 	孟华强 	、 中广 核 办公厅 主任 胡光耀 、 	铀业 公司 	总经理 安军靖 、 斯科 公司 总经理 蔡于胜 、 中 交 集团 副总经理 王海怀 等 一同 参加 调研 和 座谈 

薛占海	炼化公司	6月 12日 ， 根据 第十七 次 陕北 高端 能源 化工 基地 建设 座谈会 会议 议程 安排 ， 陕西省 副省长 方光华 、 延安市 市长 	薛占海 	， 调研 延长 石油 	炼化 公司 	延长 油田 伴生气 资源 利用 项目 建设 情况 ， 延长县 相关 领导 ， 延长 石油 集团 公司 总 工程师 扈广法 ， 

光照宇	平凉祁连山水泥有限公司	本 网 讯 11月 14日 上午 ， 中国 建材 集团 总经理 曹江林 、 党委 副书记 孙力 实 、 董事会 秘书 、 总经理 助理 	光照宇 	一行 莅临 	平凉 祁连山 水泥 有限 公司 	调研 指导 工作 

傅志康	四川省企业家协会	全国 工商联 副主席 、 四川省 政协 副主席 、 省 工商联 主席 陈放 先生 ， 中国 会展 经济 研究会 会长 袁再清 先生 ， 四川省 国资委 党委 委员 、 副主任 秦明 先生 ， 四川省 知识 产权局 副局长 杨早林 先生 ， 四川省 工商 行政 管理局 商标 分局 局长 周广平 先生 ， 四川省 发展 和 改革 委员会 调研员 张亚敏 女士 ， 四川省 经济 和 信息化 委员会 副 调研员 刘凯 先生 ， 省企联 特邀 副 会长 、 省政协 原 常委 、 省 农业厅 原 常务 副厅长 	傅志康 	先生 ， 省企联 特邀 副 会长 、 省政府 原 副秘书长 张晋川 先生 ， 省企联 顾问 、 省人大 常委会 法制 工作 委员会 原 主任 杨文 先生 ， 省企联 顾问 、 省 国 安厅 原 常务 副厅长 马方 元 先生 ， 省企联 顾问 、 省 国资委 原 副主任 李继郁 先生 ， 四川省 企业 联合会 、 	四川省 企业家 协会 	副会长 兼 秘书长 梁勤 先生 ， 四川省 质量 协会 驻 会 副会长 罗召贵 先生 等 领导 及 相关 政府 部门 负责人 出席 大会 

郑剑戈	广业集团	汕头市 市长 	郑剑戈 	、 副市长 陈武南 ， 潮 南区 、 潮阳 区区 委 区政府 主要 领导 、 区 相关 部门 ， 省 国资委 规划 发展 处 、 考核 分配处 ， 建工 集团 、 	广业 集团 	、 粤海 集团 等 相关 单位 参加 调研 

郝鹏	东航集团	8月 15日 ， 国务院 国资委 党委 书记 、 主任 	郝鹏 	赴 北京 大兴 国际 机场 开展 专题 调研 ， 实地 调研 了 	东航 集团 	、 南航 集团 等 中央 企业 在 基地 工程 建设 、 运营 筹备 工作 进展 等 方面 的 情况 

乔登	邢台水业集团有限公司	为 切实 抓好 中央 、 省委 巡视 巡查 反馈 意见 的 整改 落实 工作 ， 1月 18日 ， 市 国资委 调研员 	乔登 	选 、 市 纪委 派驻市 国资委 纪检组 副 组织 长 李学键 等 4 人 组成 检查组 ， 对 中国 电信 邢台 分公司 、 	邢台 水业 集团 有限 公司 	等 5 家 企业 开展 检查 

周向鸿	通辽市水务建设投资集团有限公司	为 认真 做好 全 市 国企 党建 推进会 顺利 召开 ， 8月 2日 上午 ， 通辽 市委 组织部 组织 三 科科 长曲 向前 和 通辽市 国资委 党委 委员 	周向鸿 	同志 等 一行 6 人 ， 到 	通辽市 水务 建设 投资 集团 有限 公司 	对 推进会 前 期 准备 工作 进行 调研 指导 

郝鹏	中国建材凯盛君恒公司	 	郝鹏 	一行 深入 魏县 仕望集乡 崔阁 村 、 平乡县 油召乡 马 第二 疃村 ， 走访 看望 贫困 户 ， 调研 国资委 党费 支持 的 村支部 活动室 建设 情况 ， 了解 	中国 建材 凯盛 君 恒 公司 	和 中央 企业 贫困 地区 产业 投资 基金 投资 的 河北 欧 耐 模具 公司 生产 经营 、 解决 当地 就业 等 情况 

中国铁建地产集团	马建军	在 采访 调研 期间 ， 	中国 铁建 地产 集团 	副总经理 、 华东 公司 执行 董事 	马建军 	接受 了 中国 网 财经 等 媒体 记者 的 采访 

兰州助剂厂有限公司	张小燕	这 是 近日 甘肃省 纪委 监委 派驻省 国资委 纪检 监察组 第一 调研组 与 	兰州 助剂 厂 有限 公司 	财务 总监 	张小燕 	的 调研 谈话 内容 

崔跃民	陕药集团	3月 21日 至 22日 ， 省 国资委 党委 副书记 、 主任 任国 、 副主任 孙喜民 、 省工 信 厅 总 工程师 	崔跃民 	等一行 带着 振兴 陕西 医药 产业 的 命题 赴 	陕 药 集团 	开展 了 为期 两 天 的 调研 活动 ， 

曲	通辽市水务建设投资集团有限公司	为 认真 做好 全 市 国企 党建 推进会 顺利 召开 ， 8月 2日 上午 ， 通辽 市委 组织部 组织 三 科 科长 	曲 	向前 和 通辽市 国资委 党委 委员 周向鸿 同志 等 一行 6 人 ， 到 	通辽市 水务 建设 投资 集团 有限 公司 	对 推进会 前 期 准备 工作 进行 调研 指导 

林庆苗	中国有色集团	国务院 国资委 宣传局 局长 夏庆丰 、 改革 局 副局长 	林庆苗 	参加 调研 ， 并对 	中国 有色 集团 	深化 改革 、 加强 宣传 等 工作 提出 了 意见 和 要求 

任国	陕药集团	3月 21日 至 22日 ， 省 国资委 党委 副书记 、 主任 	任国 	、 副主任 孙喜民 、 省工 信 厅 总 工程师 崔跃民 等 一行 带着 振兴 陕西 医药 产业 的 命题 赴 	陕 药 集团 	开展 了 为期 两 天 的 调研 活动 ， 

石油炼化公司	张浩文	6月 12日 ， 根据 第十七 次 陕北 高端 能源 化工 基地 建设 座谈会 会议 议程 安排 ， 陕西省 副省长 方光华 、 延安市 市长 薛占海 ， 调研 延长 	石油 炼化 公司 	延长 油田 伴生气 资源 利用 项目 建设 情况 ， 延长县 相关 领导 ， 延长 石油 集团 公司 总 工程师 扈广法 ， 炼化 公司 总经理 李军 ， 总 工程师 	张浩文 	等 领导 陪同 调研 

中国建材集团党委	曹江林	国资委 秘书长 彭华岗 ， 浙江 省政府 副秘书长 高屹 ， 	中国 建材 集团 党委 	副书记 、 副董事长 刘志江 ， 中国 建材 集团 总经理 、 中国 巨石 董事长 	曹江林 	， 中国 建材 集团 副总经理 常 张 利 ， 中国 建材 集团 董事会 秘书 、 总经理 助理 光照宇 ， 中国 建材 股份 副总裁 蔡国斌 等 陪同 调研 

郝鹏	天津中车机辆装备有限公司	九 、 	郝鹏 	强调 中央 企业 要 履行 职责 使命 推动 企业 高 质量 发展 事件 ： 7月 24日 ， 国资委 主任 	天津 中车 机辆 装备 有限 公司 	 

中国建材集团	李	 	中国 建材 集团 	党委 书记 、 董事长 宋志平 ， 安徽省 国资委 党委 书记 、 主任 	李 	中 陪同 调研 

中国建材集团	朱兵	国务院 国资委 改革 办 巡视员 尹义省 、 改革 局 副局长 林庆苗 、 国资委 改革 办 央企 组 处长 李鹏飞 ， 合肥市 领导 宁波 、 罗平 ， 	中国 建材 集团 	副董事长 李新华 、 副总经理 常 张 利 、 董事会 秘书 、 总经理 助理 光照宇 ， 中国 建材 总院 副院长 、 总会计师 赵延敏 ， 合肥 院 党委 书记 周云峰 、 院长 	朱兵 	等 相关 领导 参加 了 调研 

中丝集团	徐念沙	据 	中 丝 集团 	官网 消息 ， 今年 6月 5日 至 12日 ， 保利 集团 董事长 	徐念沙 	， 保利 集团 副总经理 、 

国务院国有企业改革领导小组办公室	翁杰明	4月 11日 ， 	国务院 国有 企业 改革 领导 小组 办公室 	副主任 、 国务院 国资委 副主任 	翁杰明 	一行 到 中国 有色 集团 调研 

苏全喜	内蒙古诚裕信工程项目管理有限公司	神华 乌海 能源 有限 责任 公司 工程 管理部 经理 	苏全喜 	、 	内蒙古 诚裕 信 工程 项目 管理 有限 公司 	董事长 庞有国 、 副总经理 雷军 受邀 参加 调研 

川航集团	陈斌	 	川航 集团 	党委 书记 、 董事长 李海鹰 ， 省 国资委 副主任 薛东兵 ， 	陈斌 	 

章建华	中核集团	在 浙江 调研 期间 ， 	章 建华 	一行 深入 到 浙 能 集团 嘉华 电厂 、 	中核 集团 	秦山 核电 基地 等 能源 企业 一线 ， 实地 了解 能源 安全 保障 、 煤 电 超低 排放 改造 、 核电 生产 运行 等 情况 ， 认真 听取 企业 对 加快 电力 转型 升级 、 推动 能源 高 质量 发展 的 意见 建议 ， 并 就 深化 能源 体制 机制 改革 等 问题 与 有关 方面 进行 了 深入 讨论 

刘钢	九牛汽车股份有限公司	9月 18日 ， 随州 市政府 国资委 副 调研员 、 招商 分局 副局长 	刘钢 	会同 随 县 县委 常委 、 统战部 部长 黄宗超 ， 随 县 招商局 副局长 江明 等 赴 江西省 萍乡市 芦溪县 考察 	九 牛 汽车 股份 有限 公司 	， 宣传 推介 随州 ， 洽谈 合作 事宜 

薛东兵	四川通用航空投资管理有限责任公司	川航 集团 党委 书记 、 董事长 李海鹰 ， 省 国资委 副主任 	薛东兵 	， 川航 集团 副总经理 、 	四川 通用 航空 投资 管理 有限 责任 公司 	董事长 陈斌 参加 调研 

张庆伟	哈药集团	11日 上午 ， 	张庆伟 	到 	哈 药 集团 	就 医药 产业 发展 进行 调研 

宗国英	云南城投集团	6月 初 ， 云南 委 常委 、 常务 副省长 	宗国英 	率队 调研 	云南城 投 集团 	， 讲到 “ 从 省属 企业 看 , 云南 已 启动 实施 了 深化 国企 改革 三 年 行动 方案 , 对 全 省 国有 企业 进行 脱胎换骨 式 的 顶层 设计 和 改革 重组 ， 构建 具有 云南 特色 的 “ 1+1+X ” 省级 国有 资产 监管 和 国有 企业 发展 新 模式 ” 

彭华岗	中铝集团党组	福建 省委 副书记 、 福州 市委 书记 王宁 ， 福建 省委 常委 、 常务 副省长 张志南 ， 国务院 国资委 秘书长 	彭华岗 	， 	中铝 集团 党组 	副书记 、 总经理 余德辉 一同 调研 

北勘公司	杜新鹏	公司 领导 到 石家庄 综合 保税区 标准化 仓库 建设 项目 检查 调研 工作 2018年 4月 25日 ， 	北勘 公司 	副总经理 陆洪根 、 生产 运 营部 主任 王永正 、 科技 质量 与 安全部 副主任 黄彬 、 科技 质量 与 安全部 张春辉 一行 四 人 到 石家庄 综合 保税区 标准化 保税 仓库 建设 项目 一 期 工程 进行 检查 调研 ， 第一 勘察 设计 研究所 副所长 王海渤 及 项目 人员 张晓畅 、 	杜新鹏 	陪同 并 做 详细 讲解 

山东高速集团	邹庆忠	鲁 网 9月 21日 讯 在 近 3 个 月 的 时间 里 ， 	山东 高速 集团 	公开的 	邹庆忠 	调研 目的地 ， 涵盖 高速 服务区 、 济青 高速 扩建 项目 、 高速 收费站 、 旅游 度假 综合体 等 ， 如何 做好 大 交通 主业 ， 成为 这 位 新任 董事长 最 关心 的 事情 

曹海燕	河钢集团党委	2月 21日 ， 由 河北省 国资委 党委 副书记 	曹海燕 	带队 ， 	河钢 集团 党委 	副书记 李炳军 、 河北 建工 集团 党委 副书记 张庆虎 ， 河北省 国资委 党建处 、 改革 改组 处 ， 河北 建 投 集团 有关 人员 组成 的 调研组 来 公司 ， 就 公司 党建 工作 情况 进行 专题 调研 

翁杰明	北新集团建材股份有限公司	3月 28日 ， 国务院 国有 企业 改革 领导 小组 办公室 副主任 、 国务院 国资委 副主任 	翁杰明 	赴 中国 黄金 集团 中金 珠宝 股份 有限 公司 和 	北新 集团 建材 股份 有限 公司 	两 家 “ 双百 企业 ” 进行 调研 ， 先后 参观 了 中国 黄金 旗舰店 、 北 新 建材 未来 建筑 馆 等 ， 并与 有关 企业 进行 了 座谈 交流 

孟华强	中交集团	国资委 产权 管理局 局长 贾立克 、 国际 合作局 局长 殷长波 、 规划 发展局 副局长 	孟华强 	、 中广 核 办公厅 主任 胡光耀 、 铀业 公司 总经理 安军靖 、 斯科 公司 总经理 蔡于胜 、 	中 交 集团 	副总经理 王海怀 等 一同 参加 调研 和 座谈 

刘丽靓	湘投金天钛金属公司	责任 编辑 ： 李锋 《 湖南 国企 改革 不断 取得 突破 八 项 重点 改革 稳步 推进 》 相关 文章 推荐 三 ： 郝鹏 : 加快 推进 国有 企业 改革 郝鹏 ： 加快 推进 国有 企业 改革 中国 证券 报□ 本报 记者 	刘丽靓 	据 * * * 国资委 26日 消息 ， 近日 ， * * * 国资委 主任 郝鹏 在 湖南省 深入 中 联 重科 、 	湘投金天钛 金属 公司 	等 企业 调研 ， 详细 了解 企业 生产 经营 、 自主 创新 和 推进 改革 情况 ， 并 主持 召开 国有 企业 改革 座谈会 

罗文	长江存储科技有限责任公司	会后 ， 	罗文 	赴 	长江 存储 科技 有限 责任 公司 	调研 ， 听取 了 公司 负责人 关于 3 DNAND 存储 芯片 研发 和 产业化 进展 情况 的 汇报 ， 并 考察 了 生产线 建设 、 运行 情况 

铀业公司	安军靖	国资委 产权 管理局 局长 贾立克 、 国际 合作局 局长 殷长波 、 规划 发展局 副局长 孟华强 、 中广 核 办公厅 主任 胡光耀 、 	铀业 公司 	总经理 	安军靖 	、 斯科 公司 总经理 蔡于胜 、 中 交 集团 副总经理 王海怀 等 一同 参加 调研 和 座谈 

浙能集团	余勤	袁家军在 	浙 能 集团 	调研 时 强调 依靠 改革 开放 创新 做 强 做 优 做大 国企 浙江 在线 杭州 8月 21日 讯 （ 记者 	余勤 	） 21日 ， 省长 袁家军 来到 

张曙光	海瀛集团	困境 之下 ， 时任 园区 副主任 的 	张曙光 	在 经过 长 达 10 个 月 的 深入 调研 之后 ， 向 上级 主管 递交 了 一 份 发起 成立 	海瀛 集团 	并 助力 环保 产业 园 发展 壮大 的 报告 

李炳军	河北建工集团党委	2月 21日 ， 由 河北省 国资委 党委 副书记 曹海燕 带队 ， 河 钢 集团 党委 副书记 	李炳军 	、 	河北 建工 集团 党委 	副书记 张庆虎 ， 河北省 国资委 党建处 、 改革 改组 处 ， 河北 建 投 集团 有关 人员 组成 的 调研组 来 公司 ， 就 公司 党建 工作 情况 进行 专题 调研 

马方元	四川省企业联合会	全国 工商联 副主席 、 四川省 政协 副主席 、 省 工商联 主席 陈放 先生 ， 中国 会展 经济 研究会 会长 袁再清 先生 ， 四川省 国资委 党委 委员 、 副主任 秦明 先生 ， 四川省 知识 产权局 副局长 杨早林 先生 ， 四川省 工商 行政 管理局 商标 分局 局长 周广平 先生 ， 四川省 发展 和 改革 委员会 调研员 张亚敏 女士 ， 四川省 经济 和 信息化 委员会 副 调研员 刘凯 先生 ， 省企联 特邀 副 会长 、 省政协 原 常委 、 省 农业厅 原 常务 副厅长 傅志康 先生 ， 省企联 特邀 副 会长 、 省政府 原 副秘书长 张晋川 先生 ， 省企联 顾问 、 省人大 常委会 法制 工作 委员会 原 主任 杨文 先生 ， 省企联 顾问 、 省 国 安厅 原 常务 副厅长 	马方元 	先生 ， 省企联 顾问 、 省 国资委 原 副主任 李继郁 先生 ， 	四川省 企业 联合会 	、 四川省 企业家 协会 副会长 兼 秘书长 梁勤 先生 ， 四川省 质量 协会 驻 会 副会长 罗召贵 先生 等 领导 及 相关 政府 部门 负责人 出席 大会 

王洋	北京天健中宇恒业工程咨询公司	图 8 ： 现场 损毁 后 的 挖机 图 9 ： 自卸车 正在 运输 燃烧 中 的 煤矸石 图 10 ： 大 粒径 石块 剥离 图 11 ： 机械 坡面 修复 本次 调研 由 住房 和 城乡 建设部 标准 定额 研究所 副研究员 董宇 、 中国 建设 工程 造价 管理 协会 主任 舒宇 、 中国 煤炭 建设 协会 秘书长 单益新 、 煤炭 工业 西安 工程 造价 管理站 副站长 杨振义 、 内蒙古 自治区 建设 工程 标准 定额 总站 站长 庞天 、 定额 科 科长 刘 银龙 、 山西省 工程 建设 标准 定额 站 总 工程师 张莉 、 工程师 	王洋 	、 中国 有色 金属 工业 工程 建设 定额 站 技术 总监 林发 、 乌海市 建设 工程 标准 定额 管理 站站 长白 继 凡 、 副站长 祝少 冬 、 	北京 天健中宇恒业 工程 咨询 公司 	副总经理 沙兵 等 同志 组成 专家 组 ， 对 乌海 矿区 生态 环境 综合 治理 项目 及 矿区 现状 进行 调研 ； 

沈莹	中航工业成飞公司	12月 3日 ， 国务院 国资委 副主任 、 党委 委员 	沈莹 	一行 来川 调研 指导 国资 国企 改革 发展 工作 ， 实地 调研 了 东方 电气 、 	中航 工业 成飞 公司 	等 中央 企业 ， 并 召开 座谈会 听取 了 四川省 国资委 有关 混合 所有制 改革 和 国有 资本 布局 结构 调整 情况 的 工作 汇报 

翁杰明	中国西电西电开关电气有限公司	 	翁杰明 	赴 陕西 调研 国企 国资 工作 9月 3日 ， 国资委 副主任 、 党委 委员 	中国 西 电 西电 开关 电气 有限 公司 	 

陈振亮	能源热力有限公司	 	陈振亮 	在 市 再生 	能源 热力 有限 公司 	调研 9月 28日 上午 ， 朔州 市委 副书记 、 市长 高键 就 2018-2019年 度 集中 供热 准备 情况 在 朔州市 再生 

海汽集团公司党委	符人恩	 	海汽 集团 公司 党委 	书记 、 董事长 姜宏涛 , 总经理 刘海荣 , 纪委 书记 李轩 , 总 会计师 	符人恩 	等 参加 调研 

赵基达	中国新兴建设开发有限责任公司	会议 由 建委 科技处 调研员 徐东林 主持 ， 中国 建筑 科学 研究院 顾问 副总工程师 	赵 基达 	， 华夏 建宇 （ 北京 ） 混凝土 技术 研究院 院长 路 来 军 ， 中国 建筑 标准 设计 研究院 钢结构 所 所长 王喆 ， 	中国 新兴 建设 开发 有限 责任 公司 	副总工程师 李栋 ， 建研 科技 股份 公司 高 性能 混凝土 研究 中心 主任 周永祥 等 审查 专家 出席 会议 

晓隆	重庆缙融资本运营管理有限公司	记者 曾 	晓 隆 	2月 19日 ， 区委 书记 周旭 前往 	重庆 缙融 资本 运营 管理 有限 公司 	， 调研 督导 国企 改革 工作 ， 并 召开 座谈会 

中建集团	马泽平	5月 17日 ， 	中建 集团 	党组 成员 、 副总经理 、 中建 股份 副总裁 	马泽平 	， 国家 发改委 体改司 宏观 处 副处长 阮征 一行 到 集团 开展 国企 混合 所有制 调研 指导 

赵中屹	中车株机公司	中国 驻 南非 大使馆 商务 参赞 	赵中屹 	， 中国 中车 董事长 、 党委 书记 刘化龙 ， 	中车 株机 公司 	董事长 、 党委 书记 周清 和 等 陪同 调研 

李晓刚	珠海格力电器股份公司	为 积极 支持 江铜 集团 实现 “ 三 年 ” 创新 倍增 计划 ， 争创 世界 一流 企业 ， 11月 6日 ， 	李晓刚 	副主任 带队 到 	珠海 格力 电器 股份 公司 	学习 调研 ， 详细 了解 格力 电器 对 下属 企业 的 管控 模式 、 创新 发展 的 思路 措施 、 对下 属 企业 负责人 的 绩效 考核 和 薪酬 激励 机制 等 

保利集团	王兴晔	据 中 丝 集团 官网 消息 ， 今年 6月 5日 至 12日 ， 	保利 集团 	董事长 徐念沙 ， 	王兴晔 	 

胡广坤	河南能源永煤公司新桥煤矿	3月 27日 ， 省 政府 国资委 党委 书记 	胡广坤 	一行 先后 到 	河南 能源 永 煤 公司 新桥 煤矿 	、 永城 园区 、 永 煤 采煤 沉陷 区 治理 示范 工程 等 地 现场 实地 调研 并 座谈 ， 全面 了解 企业 安全 生产 、 环境 保护 等 工作 情况 

张文涛	波瑞公司	总经理 姜涛 、 监事会 主席 	张文涛 	、 副总经理 姬剑锷 、 副总经理 张宪宝 ， 爱 	波瑞 公司 	董事长 王洪艳 、 总裁 王德强 等 领导 陪同 调研 和 座谈 

林发	北京天健中宇恒业工程咨询公司	图 8 ： 现场 损毁 后 的 挖机 图 9 ： 自卸车 正在 运输 燃烧 中 的 煤矸石 图 10 ： 大 粒径 石块 剥离 图 11 ： 机械 坡面 修复 本次 调研 由 住房 和 城乡 建设部 标准 定额 研究所 副研究员 董宇 、 中国 建设 工程 造价 管理 协会 主任 舒宇 、 中国 煤炭 建设 协会 秘书长 单益新 、 煤炭 工业 西安 工程 造价 管理站 副站长 杨振义 、 内蒙古 自治区 建设 工程 标准 定额 总站 站长 庞天 、 定额 科 科长 刘 银龙 、 山西省 工程 建设 标准 定额 站 总 工程师 张莉 、 工程师 王洋 、 中国 有色 金属 工业 工程 建设 定额 站 技术 总监 	林发 	、 乌海市 建设 工程 标准 定额 管理 站站 长白 继 凡 、 副站长 祝少 冬 、 	北京 天健中宇恒业 工程 咨询 公司 	副总经理 沙兵 等 同志 组成 专家 组 ， 对 乌海 矿区 生态 环境 综合 治理 项目 及 矿区 现状 进行 调研 ； 

内蒙古北控易嘉生态环境治理有限公司	何俊峰	 	内蒙古 北控 易嘉 生态 环境 治理 有限 公司 	总经理 尹斌 、 副总经理 	何俊峰 	、 造价 部 经理 董亚林 、 工程部 经理 鈕殿金 陪同 调研 

中国建材集团	曹江林	本 网 讯 11月 14日 上午 ， 	中国 建材 集团 	总经理 	曹江林 	、 党委 副书记 孙力 实 、 董事会 秘书 、 总经理 助理 光照宇 一行 莅临 平凉 祁连山 水泥 有限 公司 调研 指导 工作 

国务院国有企业改革领导小组办公室	翁杰明	20195月 15日 ， 	国务院 国有 企业 改革 领导 小组 办公室 	副主任 、 国务院 国资委 副主任 	翁杰明 	赴 中铝 集团 在青 企业 —— 中国 铝业 青海 分公司 进行 调研 ， 参观 了 生产 现场 ， 听取 了 企业 关于 改革 发展 和 党 的 建设 等 情况 工作 汇报 ， 并 与 企业 有关 负责 同志 进行 座谈 交流 

孙廷鹏	人才服务有限公司	3月 21日 ， 峨眉山 市委 常委 、 常务 副市长 	孙廷鹏 	到 该 市 新 世纪 	人才 服务 有限 公司 	调研 国企 改革 工作 

张绳道	粤电集团	10月 30日 至 11月 1日 ， 省 国资委 党委 委员 、 副 巡视员 	张绳道 	到 汕尾市 部分 扶贫 村 督导 调研 脱贫 攻坚 工作 情况 ， 分别 到了 	粤 电 集团 	扶贫点 岳溪村 、 中国 化工 广州 院 扶贫点 径 二 村 、 省 出版 集团 扶贫点 桥冲村 和 中 交 四 航院 扶贫点 新平村 ， 听取 了 驻 村 工作队 精准 扶贫 工作 汇报 ， 实地 察看 了 建档 立卡 、 贫困 户 帮扶 项目 、 产业 基地 、 新 农村 建设 和 走访 慰问 贫困 户 ， 在 所 到 的 扶贫 村 召开 座谈会 

中国航天科技集团有限公司	习	2018年 11月 14日 ， 中央 纪委 常委 、 国家 监委 委员 、 中央 纪委 国家 监委 驻 国资委 纪检 监察组 组长 、 国资委 党委 委员 陈超英 来到 	中国 航天 科技 集团 有限 公司 	， 就 中央 企业 应对 当前 国际 国内 经济 形势 、 落实 “ 两 个 责任 ” 等 情况 开展 调研 ， 强调 集团 党委 要 认真 学 	习 	 

中国银行（卢森堡）有限公司波兰分行	李辉	会见 波兰 投资 贸易局 局长 托马斯·皮苏拉 （ 右 二 ） 同 	中国 银行 （ 卢森堡 ） 有限 公司 波兰 分行 	座谈 代表团 在 出访 期间 还 拜会 了 我 驻 俄罗斯 大使 	李辉 	和 驻 波兰 大使 徐坚 

三峡集团	王毅	 	三峡 集团 	： 积极 投身 “ 一 带 一 路 ” 建设 推动 国际 业务 高 质量 发展 时间 ： [ 2019-08-23 ] 信息 来源 : 中国 长江 	王毅 	 

杨庆虹	哈电集团	（ 本 文 作者 ： 中国 宏观 经济 研究院 经济 体制 与 管理 研究所 所长 、 研究员 ） 文章 来源 | 经济 学家 圈 编辑 | 	杨庆虹 	推荐 阅读 【 国 经 资讯 】 校 党委 书记 杨振斌 一行 赴 中国 一 重 集团 走访 调研 【 国 经 资讯 】 吉林 大学 党委 书记 杨振斌 一 行 赴 	哈 电 集团 	参观 调研 【 国企 史话 】 从 何时 起 ， 工人 阶级 觉醒 工人 参加 管理 —— 中国 特色 社会主义 国有 企业 的 初心 【 国企 史话 】 三 大 民主 ： 国有 企业 管理 原则 的 伟大 创举 —— 中国 特色 社会主义 国有 企业 管理 的 初始 原则 【 中心 动态 】 吉林 大学 第四 期 “ 当代 政治 经济学 前沿 理论 ” 高级 研修班 顺利 开班 ★ 点击 关注 欢迎 转载 ★ 

张崇和	中国航天科工团体公司	张炜 要求 ， 中央 机构 编制 委员会 办公室 副主任 	张崇和 	、 国防 科工局 党组 成员 张炜 一行 到 	中国 航天 科 工 团体 公司 	二 院 调研 事业 单位 革新 任务 情况 

姜涛	波瑞公司	总经理 	姜涛 	、 监事会 主席 张文涛 、 副总经理 姬剑锷 、 副总经理 张宪宝 ， 爱 	波瑞 公司 	董事长 王洪艳 、 总裁 王德强 等 领导 陪同 调研 和 座谈 

北勘公司	王永正	公司 领导 到 石家庄 综合 保税区 标准化 仓库 建设 项目 检查 调研 工作 2018年 4月 25日 ， 	北勘 公司 	副总经理 陆洪根 、 生产 运 营部 主任 	王永正 	、 科技 质量 与 安全部 副主任 黄彬 、 科技 质量 与 安全部 张春辉 一行 四 人 到 石家庄 综合 保税区 标准化 保税 仓库 建设 项目 一 期 工程 进行 检查 调研 ， 第一 勘察 设计 研究所 副所长 王海渤 及 项目 人员 张晓畅 、 杜新鹏 陪同 并 做 详细 讲解 

陈超英	中国航天科技集团有限公司	2018年 11月 14日 ， 中央 纪委 常委 、 国家 监委 委员 、 中央 纪委 国家 监委 驻 国资委 纪检 监察组 组长 、 国资委 党委 委员 	陈超英 	来到 	中国 航天 科技 集团 有限 公司 	， 就 中央 企业 应对 当前 国际 国内 经济 形势 、 落实 “ 两 个 责任 ” 等 情况 开展 调研 ， 强调 集团 党委 要 认真 学习 习近平 新 时代 中国 特色 社会主义 思想 ， 弘扬 航天 精神 ， 用 认真 刻苦 的 精神 与 形式 主义 、 官僚主义 作 斗争 ， 把 实际 工作 与 党 的 建设 真正 融合 起来 ， 深入 推进 纪检 监察 体制 改革 ， 把 监督 工作 落实 到 每个 角落 

四川省企业家协会	罗召贵	全国 工商联 副主席 、 四川省 政协 副主席 、 省 工商联 主席 陈放 先生 ， 中国 会展 经济 研究会 会长 袁再清 先生 ， 四川省 国资委 党委 委员 、 副主任 秦明 先生 ， 四川省 知识 产权局 副局长 杨早林 先生 ， 四川省 工商 行政 管理局 商标 分局 局长 周广平 先生 ， 四川省 发展 和 改革 委员会 调研员 张亚敏 女士 ， 四川省 经济 和 信息化 委员会 副 调研员 刘凯 先生 ， 省企联 特邀 副 会长 、 省政协 原 常委 、 省 农业厅 原 常务 副厅长 傅志康 先生 ， 省企联 特邀 副 会长 、 省政府 原 副秘书长 张晋川 先生 ， 省企联 顾问 、 省人大 常委会 法制 工作 委员会 原 主任 杨文 先生 ， 省企联 顾问 、 省 国 安厅 原 常务 副厅长 马方 元 先生 ， 省企联 顾问 、 省 国资委 原 副主任 李继郁 先生 ， 四川省 企业 联合会 、 	四川省 企业家 协会 	副会长 兼 秘书长 梁勤 先生 ， 四川省 质量 协会 驻 会 副会长 	罗召贵 	先生 等 领导 及 相关 政府 部门 负责人 出席 大会 

徐旭摄	生物工程有限公司	 	徐旭摄 	11日 上午 ， 张庆伟 到 哈药 集团 就 医药 产业 发展 进行 调研 ， 在 哈 药 总厂 ( 新 厂区 ) 和 	生物 工程 有限 公司 	， 了解 企业 发展 规划 、 生产 经营 、 产品 创新 等 情况 ， 要求 企业 加快 转变 观念 ， 加强 企业 文化 建设 ， 完善 现代 企业 制度 ， 把 精力 聚焦 到 发展 制药 主业 上 ， 做 强 优势 产品 ， 做大 产业 规模 ， 展现 “ 老 字号 ” 企业 新 活力 

建工集团	石爱军	1月 18日 ， 省 国资委 副主任 王晓昀 到 粤 水电 承建 的 粤东 区域 重点 工程 练 江 流域 环保 整治 工程 项目 调研 ， 潮 南区 区委 常委 、 常务 副区长 王楚彬 、 总 承包 事业部 副总经理 胡顺彬 、 粤海 水 务 集团 总经理 谭奇峰 、 	建工 集团 	副总经理 黄瑛鹏 、 粤 水电 副总经理 王伟导 、 副总工程师 、 工程 管理部 经理 	石爱军 	及 工程 建设 公司 粤东 区域 重点 工程 项目 部 相关 人员 参加 调研 

海汽集团公司党委	刘海荣	 	海汽 集团 公司 党委 	书记 、 董事长 姜宏涛 , 总经理 	刘海荣 	, 纪委 书记 李轩 , 总 会计师 符 人恩 等 参加 调研 

燃气集团党委	薛恩华	 	燃气 集团 党委 	委员 、 副总经理 蔡鑫磊 ， 总 法律 顾问 、 政策 法规处 处长 、 改革 办 主任 侯晓莉 ， 省 国资委 企业 改革 处 处长 	薛恩华 	、 人事处 副处长 王超峰 、 政策 法规处 调研员 毛永波 参加 会议 

翁杰明	智慧科技有限公司	11月 9日 ， 国务院 国资委 副主任 、 党委 委员 	翁杰明 	一行 到 国家 电投 调研 ， 了解 智慧 能源 信息 平台 建设 工作 并 出席 中 能 融合 	智慧 科技 有限 公司 	揭牌 仪式 

中国建材集团	赵延敏	国务院 国资委 改革 办 巡视员 尹义省 、 改革 局 副局长 林庆苗 、 国资委 改革 办 央企 组 处长 李鹏飞 ， 合肥市 领导 宁波 、 罗平 ， 	中国 建材 集团 	副董事长 李新华 、 副总经理 常 张 利 、 董事会 秘书 、 总经理 助理 光照宇 ， 中国 建材 总院 副院长 、 总会计师 	赵延敏 	， 合肥 院 党委 书记 周云峰 、 院长 朱兵 等 相关 领导 参加 了 调研 

西安环球印务公司	孙喜民	参观 调研 西安 杨森 新 工厂 参观 调研 	西安 环球 印务 公司 	参观 调研 陕药 控股 派昂 医药 公司 3月 22日 现场 调研 后 ， 省 国资委 副主任 	孙喜民 	主持 召开 了 座谈会 ， 省 国资委 主任 任国 、 陕西 医药 协会 秘书长 丰雷 、 陕西 中医药 大学 副 校长 唐 志书 、 西安 国际 港务区 管委会 副主任 苏 国峰 、 安康市 国资委 主任 许启政 及 陕药 集团 领导 班子 全体 成员 参加 了 会议 

蔡君率	海汽集团	本 网 讯 5月 9日 上午 , 省 国资委 副主任 	蔡君率 	队到 ( 行情 603069 , 诊股 ) 调研 “ 双百 行动 ” 改革 推进 工作 , 与 	海汽 集团 	“ 双百 行动 ” 综合 改革 领导 小组 成员 研究 部署 下一 阶段 改革 事项 及 措施 

杨平	湘煤集团	8月 28日 ， 省 国资委 党委 委员 、 副主任 	杨平 	带队 到 	湘煤 集团 	调研 企业 生产 经营 和 项目 情况 

习	浙江省中药研究所有限公司	● 浙江 首 批 “ 科 特派 ” 俞旭平 2003年 4月 24日 ， 时 任 浙江 省委 书记 	习 	近 平到 淳安县 枫树 岭镇下 姜 村 调研 ， 从 村 支书 那里 得知 这里 “ 缺 技术 、 缺 人才 ” ， 当天 ， 浙江省 中药 研究所 （ 后 改制 为 	浙江省 中药 研究所 有限 公司 	） 高级 工程师 俞旭平 ， 就 被 告知 准备 去 当 科技 特派员 

陈聚山	冀中能源集团	省 国资委 调研组 到 冀中 股份 调研 督导 工作 文章 来源 ： 发布 时间 ： 2019/3/711:35:05 省 国资委 调研组 到 冀中 股份 调研 督导 工作 3月 6日 ， 省 国资委 考核 分配处 正 处级 调研员 安兰珍 、 副处长 	陈聚山 	一行 ， 在 	冀中 能源 集团 	有关 领导 陪同 下 ， 到 冀中 股份 调研 督导 公务 用车 改革 、 独立 董事 薪酬 管理 等 工作 

丁小琳	省建设集团有限公司	省 国资委 规划 发展 改革 处 丁正锋 、 政策 法规 与 公司 治理 处 王恒 、 财务 监管 与 考核 分配处 	丁小琳 	， 	省 建设 集团 有限 公司 	唐群杰 、 省 建设 项目 规划 设计 研究院 夏勇 开 一同 参与 了 调研 

赵家生	西藏矿业日喀则扎布耶锂业高科技有限公司	会后 	赵家生 	副会长 与 西藏 自治区 国资委 副主任 姚传江 等 一行 赴 日喀则 对 	西藏 矿业 日喀则 扎布耶 锂业 高科技 有限 公司 	进行 调研 并 座谈 

龙源电力南非可再生能源公司	高嵩	作者 : 浏览 次数 ： 次 10月 14日 ， 国务院 国资委 主任 、 党委 副书记 郝鹏到 	龙源 电力 南非 可 再生 能源 公司 	调研 ， 集团 党组 成员 、 副总经理 	高嵩 	陪同 调研 

高键	朔州市再生能源热力有限公司	陈振亮 在 市 再生 能源 热力 有限 公司 调研 9月 28日 上午 ， 朔州 市委 副书记 、 市长 	高键 	就 2018-2019年 度 集中 供热 准备 情况 在 	朔州市 再生 能源 热力 有限 公司 	进行 实地 调研 ， 在 详细 了解 了 今冬 预计 供暖 时间 、 准备 情况 及 安全 保障 等 事宜 后 ， 他 要求 ， 相关 部门 要 各司其职 、 各尽其责 ， 协调 解决 好 供热 过程 中 出现 的 问题 ， 确保 全 市 人民 度过 一 个 温暖 舒适 的 冬季 

李栋	建研科技股份公司高性能混凝土研究中心	会议 由 建委 科技处 正 处级 调研员 徐东林 主持 ， 中国 建筑 科学 研究院 顾问 副总工程师 赵 基达 ， 华夏 建宇 （ 北京 ） 混凝土 技术 研究院 院长 路 来 军 ， 中国 建筑 标准 设计 研究院 钢结构 所 所长 王喆 ， 中国 新兴 建设 开发 有限 责任 公司 副总工程师 	李栋 	， 	建 研 科技 股份 公司 高 性能 混凝土 研究 中心 	主任 周永祥 等 审查 专家 出席 会议 

傅军	国网公司	湘潭市 人民 政府 副市长 	傅军 	说 ， 增量 配电 业务 改革 试点 已经 成为 湘潭 招商 引资 中 增大 吸引力 的 一 个 重大 途径 ， 目前 改革 已经 取得 阶段性 的 成果 ， 希望 通过 本次 国家 能源 局 的 督导 调研 推动 改革 进一步 深入 ， 积极 争取 地方 政府 的 支持 和 	国网 公司 	的 配合 ， 打造 增量 配电 改革 中 的 湖南 “ 湘潭 模式 ” 、 “ 湘潭 经验 ” 

中国建材集团	蔡国斌	国资委 秘书长 彭华岗 ， 浙江 省政府 副秘书长 高屹 ， 	中国 建材 集团 	党委 副书记 、 副董事长 刘志江 ， 	蔡国斌 	 

殷长波	斯科公司	国资委 产权 管理局 局长 贾立克 、 国际 合作局 局长 	殷长波 	、 规划 发展局 副局长 孟华强 、 中广 核 办公厅 主任 胡光耀 、 铀业 公司 总经理 安军靖 、 	斯科 公司 	总经理 蔡于胜 、 中 交 集团 副总经理 王海怀 等 一同 参加 调研 和 座谈 

中土集团	赵佃龙	 	中土 集团 	总经理 	赵佃龙 	参加 相关 调研 活动 

李星强	轻纺集团所属卓越公司	11月 12日 ， 市 国资委 党委 委员 、 副主任 	李星强 	到 	轻纺 集团 所属 卓越 公司 	、 江厦 公司 、 资产 管理 公司 、 奥博 公司 进行 调研 ， 市 国资委 相关 处室 陪同 调研 

西安环球印务公司	唐志书	参观 调研 西安 杨森 新 工厂 参观 调研 	西安 环球 印务 公司 	参观 调研 陕药 控股 派昂 医药 公司 3月 22日 现场 调研 后 ， 省 国资委 副主任 孙喜民 主持 召开 了 座谈会 ， 省 国资委 主任 任国 、 陕西 医药 协会 秘书长 丰雷 、 陕西 中医药 大学 副 校长 	唐 志书 	、 西安 国际 港务区 管委会 副主任 苏 国峰 、 安康市 国资委 主任 许启政 及 陕药 集团 领导 班子 全体 成员 参加 了 会议 

国务院国有企业改革领导小组办公室	翁杰明	近日 ， 	国务院 国有 企业 改革 领导 小组 办公室 	副主任 、 国务院 国资委 副主任 	翁杰明 	赴 中国 黄金 集团 中金 珠宝 股份 有限 公司 和 北新 集团 建材 股份 有限 公司 两 家 “ 双百 企业 ” 进行 调研 ， 先后 参观 了 中国 黄金 旗舰店 、 北 新 建材 未来 建筑 馆 等 ， 并与 有关 企业 进行 了 座谈 交流 

建宇	中国新兴建设开发有限责任公司	会议 由 建委 科技处 调研员 徐东林 主持 ， 中国 建筑 科学 研究院 顾问 副总工程师 赵 基达 ， 华夏 	建宇 	（ 北京 ） 混凝土 技术 研究院 院长 路 来 军 ， 中国 建筑 标准 设计 研究院 钢结构 所 所长 王喆 ， 	中国 新兴 建设 开发 有限 责任 公司 	副总工程师 李栋 ， 建研 科技 股份 公司 高 性能 混凝土 研究 中心 主任 周永祥 等 审查 专家 出席 会议 

中国建材集团	宋志平	受 	中国 建材 集团 	董事长 	宋志平 	委托 ， 副董事长 李新华 陪同 调研 指导 

中铝集团	万红岩	注 ： 本文 素材 由 计划 经营部 提供 	中铝 集团 	人 资部 来 公司 调研 指导 10月 28日 ， 	万 红岩 	 

中国银行（卢森堡）有限公司波兰分行	徐坚	会见 波兰 投资 贸易局 局长 托马斯·皮苏拉 （ 右 二 ） 同 	中国 银行 （ 卢森堡 ） 有限 公司 波兰 分行 	座谈 代表团 在 出访 期间 还 拜会 了 我 驻 俄罗斯 大使 李辉 和 驻 波兰 大使 	徐坚 	 

杨早林	四川省企业家协会	全国 工商联 副主席 、 四川省 政协 副主席 、 省 工商联 主席 陈放 先生 ， 中国 会展 经济 研究会 会长 袁再清 先生 ， 四川省 国资委 党委 委员 、 副主任 秦明 先生 ， 四川省 知识 产权局 副局长 	杨早林 	先生 ， 四川省 工商 行政 管理局 商标 分局 局长 周广平 先生 ， 四川省 发展 和 改革 委员会 调研员 张亚敏 女士 ， 四川省 经济 和 信息化 委员会 副 调研员 刘凯 先生 ， 省企联 特邀 副 会长 、 省政协 原 常委 、 省 农业厅 原 常务 副厅长 傅志康 先生 ， 省企联 特邀 副 会长 、 省政府 原 副秘书长 张晋川 先生 ， 省企联 顾问 、 省人大 常委会 法制 工作 委员会 原 主任 杨文 先生 ， 省企联 顾问 、 省 国 安厅 原 常务 副厅长 马方 元 先生 ， 省企联 顾问 、 省 国资委 原 副主任 李继郁 先生 ， 四川省 企业 联合会 、 	四川省 企业家 协会 	副会长 兼 秘书长 梁勤 先生 ， 四川省 质量 协会 驻 会 副会长 罗召贵 先生 等 领导 及 相关 政府 部门 负责人 出席 大会 

内蒙古北控易嘉生态环境治理有限公司	尹斌	 	内蒙古 北控 易嘉 生态 环境 治理 有限 公司 	总经理 	尹斌 	、 副总经理 何俊峰 、 造价 部 经理 董亚林 、 工程部 经理 鈕殿金 陪同 调研 

刘勇	中煤新集公司	平朔 集团 “ 不忘 初 心 牢记 使命 ” 主题 教育 集中 学习 研讨会 大屯 公司 “ 不忘 初 心 、 牢记 使命 ” 主题 教育 集中 学习 专题 讲座 新集 公司 “ 不忘 初 心 、 牢记 使命 ” 主题 教育 集中 学习 国投 煤炭 公司 “ 不忘 初 心 、 牢记 使命 ” 主题 教育 中心 组 （ 扩大 ） 学习会 中煤 蒙 大 公司 “ 不忘 初 心 、 牢记 使命 ” 主题 教育 中心 组 （ 扩大 ） 学习会 新疆 分公司 “ 不忘 初 心 、 牢记 使命 ” 主题 教育 集中 学习 中煤 资产 管理 公司 “ 不忘 初 心 、 牢记 使命 ” 主题 教育 集中 学习 同步 开展 调查 研究 6月 19日 至 20日 ， 	刘勇 	同志 围绕 矿井 掘进 提效 到 	中煤 新集 公司 	和 淮南 矿业 集团 调研 

鲁泰	济宁）有限公司	调研组 先后 对 济宁市 中山 公用 水 务 有限 公司 、 济宁 落陵 春辉 机械 制造 有限 公司 、 	鲁泰 	控股 凯本 金威 特种 化学品 （ 	济宁 ） 有限 公司 	进行 了 调研 ， 听取 了 混合 所有制 改革 工作 情况 汇报 、 召开 了 座谈会 ， 对 生产 车间 进行 了 实地 走访 ， 了解 了 基层 干部 群众 的 反映 ， 在 推进 混合 所有制 过程 中 采取 的 措施 ， 取得 的 成效 ， 遇到 的 困难 ， 需要 提请 市 经济 体制 改革 专项 小组 解决 的 问题 等 

郝鹏	-Transnet轨道交通装备有限公司	在 南 期间 ， 	郝鹏 	还 访问 了 南非 最 大 的 国有 企业 国家 电力 公司 （ Eskom ） ， 并 赴 中车 	- Transnet 轨道 交通 装备 有限 公司 	、 中钢 南非 公司 、 国家 能源 集团 龙源 南非 可 再生 能源 有限 公司 等 中央 企业 驻 南 机构 实地 调研 ， 了解 国际化 经营 情况 和 改革 发展 党建 工作 

丛培模	湖南兴湘投资控股集团有限公司	9月 19日 ， 湖南省 国资委 主任 	丛培模 	带队 到 	湖南 兴湘 投资 控股 集团 有限 公司 	调研 企业 重组 整合 、 国资 营运 平台 建设 等 工作 

郝鹏	湘投金天钛金属公司	据 国务院 国资委 26日 消息 ， 近日 ， 国务院 国资委 主任 	郝鹏 	在 湖南省 深入 中 联 重科 、 	湘投金天钛 金属 公司 	等 企业 调研 ， 详细 了解 企业 生产 经营 、 自主 创新 和 推进 改革 情况 ， 并 主持 召开 国有 企业 改革 座谈会 

陕药集团	西安	调研组 先后 来到 	陕 药 集团 	权属 企业 	西安 	杨森 新老 工厂 、 

神华乌海能源有限责任公司	雷军	 	神华 乌海 能源 有限 责任 公司 	工程 管理部 经理 苏全喜 、 内蒙古 诚裕 信 工程 项目 管理 有限 公司 董事长 庞有国 、 副总经理 	雷军 	受邀 参加 调研 

郝鹏	中国第二重型机械集团有限公司	11月22日 ， 国务院 国资委 主任 	郝鹏 	到 国机 集团 所 属国 机 重型 装备 集团 股份 有限 公司 （ 以下 简称 “ 国机 重装 ” ） 、 	中国 第二 重型 机械 集团 有限 公司 	（ 以下 简称 “ 中国 二重 ” ） 调研 

翁杰明	华为技术有限公司	调研 期间 ， 	翁杰明 	还 与 	华为 技术 有限 公司 	进行 了 座谈 ， 并 参观 了 企业 展厅 

中国有色集团党委	张贞民	国务院 国资委 办公厅 有关 同志 ， 	中国 有色 集团 党委 	副书记 、 工会 主席 董长清 ， 纪委 书记 	张贞民 	， 总经理 助理 梁博益 及 总部 各 部门 、 相关 出资 企业 负责 同志 参加 调研 

国务院国有企业改革领导小组办公室	翁杰明	3月 28日 ， 	国务院 国有 企业 改革 领导 小组 办公室 	副主任 、 国务院 国资委 副主任 	翁杰明 	赴 中国 黄金 集团 中金 珠宝 股份 有限 公司 和 北新 集团 建材 股份 有限 公司 两 家 “ 双百 企业 ” 进行 调研 ， 先后 参观 了 中国 黄金 旗舰店 、 北 新 建材 未来 建筑 馆 等 ， 并与 有关 企业 进行 了 座谈 交流 

郝鹏	湘投金天钛金属公司	责任 编辑 ： 李锋 《 湖南 国企 改革 不断 取得 突破 八 项 重点 改革 稳步 推进 》 相关 文章 推荐 三 ： 	郝鹏 	: 加快 推进 国有 企业 改革 	湘投金天钛 金属 公司 	 

李鸿	保利集团党委	 	李鸿 	在 陪同 调研 过程 中 强调 ： 一 是 保利 久联 将 一如既往 严格 落实 党中央 、 贵州 省委 省政府 、 	保利 集团 党委 	和 贵州省 国资委 党委 关于 履行 国企 责任 ， 积极 参与 地方 扶贫 ， 打好 脱贫 攻坚战 要求 ， 坚决 打好 册亨 脱贫 攻坚仗 

孙喜民	陕药集团	3月 21日 至 22日 ， 省 国资委 党委 副书记 、 主任 任国 、 副主任 	孙喜民 	、 省工 信 厅 总 工程师 崔跃民 等 一行 带着 振兴 陕西 医药 产业 的 命题 赴 	陕 药 集团 	开展 了 为期 两 天 的 调研 活动 ， 

四川省企业联合会	罗召贵	全国 工商联 副主席 、 四川省 政协 副主席 、 省 工商联 主席 陈放 先生 ， 中国 会展 经济 研究会 会长 袁再清 先生 ， 四川省 国资委 党委 委员 、 副主任 秦明 先生 ， 四川省 知识 产权局 副局长 杨早林 先生 ， 四川省 工商 行政 管理局 商标 分局 局长 周广平 先生 ， 四川省 发展 和 改革 委员会 调研员 张亚敏 女士 ， 四川省 经济 和 信息化 委员会 副 调研员 刘凯 先生 ， 省企联 特邀 副 会长 、 省政协 原 常委 、 省 农业厅 原 常务 副厅长 傅志康 先生 ， 省企联 特邀 副 会长 、 省政府 原 副秘书长 张晋川 先生 ， 省企联 顾问 、 省人大 常委会 法制 工作 委员会 原 主任 杨文 先生 ， 省企联 顾问 、 省 国 安厅 原 常务 副厅长 马方 元 先生 ， 省企联 顾问 、 省 国资委 原 副主任 李继郁 先生 ， 	四川省 企业 联合会 	、 四川省 企业家 协会 副会长 兼 秘书长 梁勤 先生 ， 四川省 质量 协会 驻 会 副会长 	罗召贵 	先生 等 领导 及 相关 政府 部门 负责人 出席 大会 

中国建材集团	宋志平	浙江省 副省长 朱从玖 ， 	中国 建材 集团 	党委 书记 、 董事长 	宋志平 	陪同 调研 ， 中国 巨石 党委 书记 、 总裁 张毓强 热情 接待 并 汇报 工作 

郝鹏	国机智能科技有限公司	 	郝鹏 	先后 深入 国机 集团 所属 	国机 智能 科技 有限 公司 	、 航空 工业 集团 所属 中航 通用 飞机 有限 责任 公司 和 广州 汽车 、 珠海 格力 电器 等 调研 ， 参观 企业 科研 展厅 、 实验室 、 生产 车间 ， 与 一 线 科研 人员 、 技能 工人 深入 交流 ， 详细 了解 企业 科技 研发 、 转型 升级 、 创新 发展 情况 

河北建工集团党委	张庆虎	2月 21日 ， 由 河北省 国资委 党委 副书记 曹海燕 带队 ， 河 钢 集团 党委 副书记 李炳军 、 	河北 建工 集团 党委 	副书记 	张庆虎 	， 河北省 国资委 党建处 、 改革 改组 处 ， 河北 建 投 集团 有关 人员 组成 的 调研组 来 公司 ， 就 公司 党建 工作 情况 进行 专题 调研 

东北轻合金有限责任公司	习近平	本报讯 2月 17日 ， 国务院 国资委 主任 、 党委 副书记 郝鹏在 	东北 轻 合金 有限 责任 公司 	考察 调研 时 强调 ， 要 深入 学习 贯彻 	习近平 	新时代 中国 特色 社会主义 思想 和 

中车株机公司	周清和	中国 驻 南非 大使馆 商务 参赞 赵中屹 ， 中国 中车 董事长 、 党委 书记 刘化龙 ， 	中车 株机 公司 	董事长 、 党委 书记 	周清 和 	等 陪同 调研 

神华乌海能源有限责任公司	苏全喜	 	神华 乌海 能源 有限 责任 公司 	工程 管理部 经理 	苏全喜 	、 内蒙古 诚裕 信 工程 项目 管理 有限 公司 董事长 庞有国 、 副总经理 雷军 受邀 参加 调研 

徐东林	建研科技股份公司高性能混凝土研究中心	会议 由 建委 科技处 调研员 	徐东林 	主持 ， 中国 建筑 科学 研究院 顾问 副总工程师 赵 基达 ， 华夏 建宇 （ 北京 ） 混凝土 技术 研究院 院长 路 来 军 ， 中国 建筑 标准 设计 研究院 钢结构 所 所长 王喆 ， 中国 新兴 建设 开发 有限 责任 公司 副总工程师 李栋 ， 	建 研 科技 股份 公司 高 性能 混凝土 研究 中心 	主任 周永祥 等 审查 专家 出席 会议 

波瑞公司	王德强	总经理 姜涛 、 监事会 主席 张文涛 、 副总经理 姬剑锷 、 副总经理 张宪宝 ， 爱 	波瑞 公司 	董事长 王洪艳 、 总裁 	王德强 	等 领导 陪同 调研 和 座谈 

陈放	四川省企业家协会	全国 工商联 副主席 、 四川省 政协 副主席 、 省 工商联 主席 	陈放 	先生 ， 中国 会展 经济 研究会 会长 袁再清 先生 ， 四川省 国资委 党委 委员 、 副主任 秦明 先生 ， 四川省 知识 产权局 副局长 杨早林 先生 ， 四川省 工商 行政 管理局 商标 分局 局长 周广平 先生 ， 四川省 发展 和 改革 委员会 调研员 张亚敏 女士 ， 四川省 经济 和 信息化 委员会 副 调研员 刘凯 先生 ， 省企联 特邀 副 会长 、 省政协 原 常委 、 省 农业厅 原 常务 副厅长 傅志康 先生 ， 省企联 特邀 副 会长 、 省政府 原 副秘书长 张晋川 先生 ， 省企联 顾问 、 省人大 常委会 法制 工作 委员会 原 主任 杨文 先生 ， 省企联 顾问 、 省 国 安厅 原 常务 副厅长 马方 元 先生 ， 省企联 顾问 、 省 国资委 原 副主任 李继郁 先生 ， 四川省 企业 联合会 、 	四川省 企业家 协会 	副会长 兼 秘书长 梁勤 先生 ， 四川省 质量 协会 驻 会 副会长 罗召贵 先生 等 领导 及 相关 政府 部门 负责人 出席 大会 

郝鹏	南京工艺装备制造有限公司	调研 期间 ， 	郝鹏 	先后 来到 	南京 工艺 装备 制造 有限 公司 	、 中国 电科 第五十五 研究所 等 企业 ， 详细 了解 企业 改革 发展 、 科技 创新 、 生产 经营 和 党的建设 等 工作 情况 

李鹏飞	中国建材集团	国务院 国资委 改革 办 巡视员 尹义省 、 改革 局 副局长 林庆苗 、 国资委 改革 办 央企 组 处长 	李鹏飞 	， 合肥市 领导 宁波 、 罗平 ， 	中国 建材 集团 	副董事长 李新华 、 副总经理 常 张 利 、 董事会 秘书 、 总经理 助理 光照宇 ， 中国 建材 总院 副院长 、 总会计师 赵延敏 ， 合肥 院 党委 书记 周云峰 、 院长 朱兵 等 相关 领导 参加 了 调研 

鲁网	山东高速集团	 	鲁 网 	9月 21日 讯 在 近 3 个 月 的 时间 里 ， 	山东 高速 集团 	公开 的 邹庆忠 调研 目的地 ， 涵盖 高速 服务区 、 济青 高速 扩建 项目 、 高速 收费站 、 旅游 度假 综合体 等 ， 如何 做好 大 交通 主业 ， 成为 这 位 新任 董事长 最 关心 的 事情 

交通集团	洪军	省 国资委 财务 与 金融 创新 管理处 ， 省 	交通 集团 	党群 工作部 ， 省 公路 建设 有限 公司 相关 负责人 陪同 参加 10月 9日 上午 ， 省 国资委 副主任 、 党委 委员 王晓昀 在 省 	洪军 	 

中国航空工业集团公司	陈元先	 	中国 航空 工业 集团 公司 	副总经理 	陈元先 	调研 认为 ， 经过 多 年 发展 ， 荆门 目前 已 形成 从 研发 到 运营 的 通用 航空 全 产业链 ， 通用 航空 已经 成为 当地 的 特色 “ 产业 名片 ” ， 一 座 通用 航空 新城 正在 加速 崛起 

李继郁	四川省企业家协会	全国 工商联 副主席 、 四川省 政协 副主席 、 省 工商联 主席 陈放 先生 ， 中国 会展 经济 研究会 会长 袁再清 先生 ， 四川省 国资委 党委 委员 、 副主任 秦明 先生 ， 四川省 知识 产权局 副局长 杨早林 先生 ， 四川省 工商 行政 管理局 商标 分局 局长 周广平 先生 ， 四川省 发展 和 改革 委员会 调研员 张亚敏 女士 ， 四川省 经济 和 信息化 委员会 副 调研员 刘凯 先生 ， 省企联 特邀 副 会长 、 省政协 原 常委 、 省 农业厅 原 常务 副厅长 傅志康 先生 ， 省企联 特邀 副 会长 、 省政府 原 副秘书长 张晋川 先生 ， 省企联 顾问 、 省人大 常委会 法制 工作 委员会 原 主任 杨文 先生 ， 省企联 顾问 、 省 国 安厅 原 常务 副厅长 马方 元 先生 ， 省企联 顾问 、 省 国资委 原 副主任 	李继郁 	先生 ， 四川省 企业 联合会 、 	四川省 企业家 协会 	副会长 兼 秘书长 梁勤 先生 ， 四川省 质量 协会 驻 会 副会长 罗召贵 先生 等 领导 及 相关 政府 部门 负责人 出席 大会 

中核集团中国核动力研究设计院	彭宇行	11月 21日 ， 国务院 国资委 主任 、 党委 副书记 郝鹏赴 	中核 集团 中国 核动力 研究 设计院 	开展 专题 调研 ， 四川省 副省长 	彭宇行 	， 中核 集团 党组 书记 、 董事长 余剑锋 陪同 调研 

郝鹏	东方电气集团	本 网 讯 11月22日 ， 国务院 国资委 主任 	郝鹏 	在 结束 	东方 电气 集团 	所 属 企业 东方 电机 、 东方 汽轮机 以及 中国 核动力 研究 设计院 、 中国 二重 、 成都 飞机 设计 研究所 和 成飞 公司 的 调研 后 ， 连夜 主持 召开 部分 在 川 中央 企业 座谈会 

翁杰明	中国黄金集团中金珠宝股份有限公司	密集 的 调研 正在 展开 今年 3月 28日 ， 国务院 国企 改革 领导 小组 办公室 副主任 、 国务院 国资委 副主任 	翁杰明 	赴 	中国 黄金 集团 中金 珠宝 股份 有限 公司 	和 北新 集团 建材 股份 有限 公司 两 家 “ 双百 企业 ” 进行 调研 ， 强调 要 坚决 推进 充分 竞争 行业 和 领域 国有 企业 的 市场化 改革 

刘凤花	海渔集团	7月 4日 上午 ， 省 国资委 	刘凤花 	副主任 带领 省 国资委 机关 “ 不 忘 初 心 、 牢记 使命 ” 主题 教育 第四 调研组 赴 	海渔 集团 	白马 井 基地 调研 ， 调研组 围绕 找出 

郝鹏	中国石化所属河北绿源地热能开发有限公司	在 雄 安新区 ， 	郝鹏 	一行 先后 调研 	中国 石化 所 属 河北 绿 源地 热能 开发 有限 公司 	、 “ 千年 秀林 ” 大清河 片 林 一 区 造林 区域 、 雄 安新区 规划 展示 中心 

李栋	建研科技股份公司高性能混凝土研究中心	会议 由 建委 科技处 调研员 徐东林 主持 ， 中国 建筑 科学 研究院 顾问 副总工程师 赵 基达 ， 华夏 建宇 （ 北京 ） 混凝土 技术 研究院 院长 路 来 军 ， 中国 建筑 标准 设计 研究院 钢结构 所 所长 王喆 ， 中国 新兴 建设 开发 有限 责任 公司 副总工程师 	李栋 	， 	建 研 科技 股份 公司 高 性能 混凝土 研究 中心 	主任 周永祥 等 审查 专家 出席 会议 

李强	上海汽车集团股份有限公司	上海 市委 书记 	李强 	今天 下午 （ 5月 29日 ） 就 当前 经济 形势 下 推动 国企 改革 发展 赴 	上海 汽车 集团 股份 有限 公司 	、 百 联 集团 有限 公司 调研 

杨早林	四川省企业联合会	全国 工商联 副主席 、 四川省 政协 副主席 、 省 工商联 主席 陈放 先生 ， 中国 会展 经济 研究会 会长 袁再清 先生 ， 四川省 国资委 党委 委员 、 副主任 秦明 先生 ， 四川省 知识 产权局 副局长 	杨早林 	先生 ， 四川省 工商 行政 管理局 商标 分局 局长 周广平 先生 ， 四川省 发展 和 改革 委员会 调研员 张亚敏 女士 ， 四川省 经济 和 信息化 委员会 副 调研员 刘凯 先生 ， 省企联 特邀 副 会长 、 省政协 原 常委 、 省 农业厅 原 常务 副厅长 傅志康 先生 ， 省企联 特邀 副 会长 、 省政府 原 副秘书长 张晋川 先生 ， 省企联 顾问 、 省人大 常委会 法制 工作 委员会 原 主任 杨文 先生 ， 省企联 顾问 、 省 国 安厅 原 常务 副厅长 马方 元 先生 ， 省企联 顾问 、 省 国资委 原 副主任 李继郁 先生 ， 	四川省 企业 联合会 	、 四川省 企业家 协会 副会长 兼 秘书长 梁勤 先生 ， 四川省 质量 协会 驻 会 副会长 罗召贵 先生 等 领导 及 相关 政府 部门 负责人 出席 大会 

轻纺集团	徐阳	 	轻纺 集团 	党委 书记 、 董事长 谢英明 ， 党委 副书记 、 总经理 余刚 、 党委 委员 、 副总经理 	徐阳 	参加 调研 活动 

湖南省机场管理集团有限公司	达哲	11月 5日 ， 省 国资委 党委 委员 、 副主任 杨平 带队 到 	湖南省 机场 管理 集团 有限 公司 	（ 以下 简称 省 机场 集团 ） 调研 ， 督导 省 政府 专题 会议 纪要 （ 即 3月 24日 	达哲 	省长 主持 召开 省政府 专题 会议 ， 明确 省 机场 集团 薪酬 、 资产 由省 国资委 监管 ， 业务 工作 由 民航 系统 管理 ） 的 落实 情况 

郝鹏	中广核斯科公司	在 纳 期间 ， 	郝鹏 	还 赴 中 交 集团 鲸湾 港 新 集装箱 码头 、 油 码头 及 管线 项目 和 	中广核 斯科 公司 	湖 山 铀矿 等 在 纳 重大 合作 项目 现场 ， 实地 调研 中央 企业 国际化 经营 情况 和 改革 发展 党建 工作 

王恒	省建设集团有限公司	省 国资委 规划 发展 改革 处 丁正锋 、 政策 法规 与 公司 治理 处 	王恒 	、 财务 监管 与 考核 分配处 丁小琳 ， 	省 建设 集团 有限 公司 	唐群杰 、 省 建设 项目 规划 设计 研究院 夏勇 开 一同 参与 了 调研 

新集公司	赵荣哲	刘勇 同志 到 	新集 公司 	、 淮南 矿业 集团 调研 	赵荣哲 	同志 到 西安 设计 公司 调研 平朔 工业 公司 围绕 拓展 外部 运输 市场 开展 调研 做好 沟通 协调 和 指导 推进 集团 公司 主题 教育 领导 小组 办公室 认真 做好 与 国资委 巡回 指导组 的 沟通 协调 ， 每周一 参加 国资委 巡回 指导组 联络员 会议 ， 每 周 三 报送 集团 公司 主题 教育 特点 亮点 工作 ， 及时 协调 巡回 指导组 参加 集团 公司 集中 学习 研讨 、 调查 研究 等 ， 构建 了 顺畅 的 工作 联系 机制 

中国建材集团	周云峰	国务院 国资委 改革 办 巡视员 尹义省 、 改革 局 副局长 林庆苗 、 国资委 改革 办 央企 组 处长 李鹏飞 ， 合肥市 领导 宁波 、 罗平 ， 	中国 建材 集团 	副董事长 李新华 、 副总经理 常 张 利 、 董事会 秘书 、 总经理 助理 光照宇 ， 中国 建材 总院 副院长 、 总会计师 赵延敏 ， 合肥 院 党委 书记 	周云峰 	、 院长 朱兵 等 相关 领导 参加 了 调研 

王成果	河北永乐胶带有限公司	记者 孟宇 光 摄 河北 新闻网 讯 （ 记者 	王成果 	） 11月 7日 ， 省长 许勤 到 涿州市 中船 重工 海洋 装备 产业 园 项目 、 	河北 永乐 胶带 有限 公司 	调研 ， 主持 召开 企业家 座谈会 

陈飞虎	大唐集团公司	9 级 地震 	陈飞虎 	受邀 出席 第 15 届 中国 - 东盟 博览会 开幕式 并 到 广西 分公司 调研 	大唐 集团 公司 	 

孙力实	平凉祁连山水泥有限公司	本 网 讯 11月 14日 上午 ， 中国 建材 集团 总经理 曹江林 、 党委 副书记 	孙力实 	、 董事会 秘书 、 总经理 助理 光照宇 一行 莅临 	平凉 祁连山 水泥 有限 公司 	调研 指导 工作 

中国林业集团有限公司党委	林展	6月 23日 ， 国务院 国有 资产 监督 管理 委员会 党委 书记 、 主任 郝鹏 ， 在 	中国 林业 集团 有限 公司 党委 	书记 、 董事长 宋权礼 ， 总经理 	林展 	等的 陪同 下 专程 来到 中林·杭州 千岛湖 发展 集团 有限 公司 ， 调研 企业 党建 、 “ 不忘 初 心 、 牢记 使命 ” 主题 教育 、 企业 生产 经营 管理 和 践行 “ 两 山 理论 ” 情况 

中国建材集团	李新华	受 	中国 建材 集团 	董事长 宋志平 委托 ， 副董事长 	李新华 	陪同 调研 指导 

黄祥清	建工集团	省 国资委 规划 发展 处 、 考核 分配处 相关 负责 同志 ， 广业 集团 副总经理 林建兴 、 	黄祥清 	， 广业 集团 、 	建工 集团 	、 粤海 控股 集团 相关 人员 参加 了 调研 

翁杰明	北新集团建材股份有限公司	密集 的 调研 正在 展开 今年 3月 28日 ， 国务院 国企 改革 领导 小组 办公室 副主任 、 国务院 国资委 副主任 	翁杰明 	赴 中国 黄金 集团 中金 珠宝 股份 有限 公司 和 	北新 集团 建材 股份 有限 公司 	两 家 “ 双百 企业 ” 进行 调研 ， 强调 要 坚决 推进 充分 竞争 行业 和 领域 国有 企业 的 市场化 改革 

郝鹏	香港深入招商局集团	2018年 4月 ， 国务院 国资委 主任 	郝鹏 	在 	香港 深入 招商局 集团 	、 华润 集团 、 中国 旅游 集团 调研 时 强调 ， 驻港 中央 企业 要 加快 创新 驱动 和 高质量 发展 步伐 ， 进一步 强化 战略 引领 ， 努力 培育 具有 全球 竞争力 的 世界 一流 企业 

铁投集团	熊启高	省 国资委 党委 委员 、 副主任 任 兴文 ， 省 能 投 集团 党委 书记 、 董事长 郭勇 ， 省 	铁 投 集团 	副总经理 	熊启高 	及 成都市 、 阿坝州 和 金川县 等 相关 领导 参加 调研 

海汽集团公司党委	李轩	 	海汽 集团 公司 党委 	书记 、 董事长 姜宏涛 , 总经理 刘海荣 , 纪委 书记 	李轩 	, 总 会计师 符 人恩 等 参加 调研 

中国建材集团	曹江林	国资委 秘书长 彭华岗 ， 浙江 省政府 副秘书长 高屹 ， 	中国 建材 集团 	党委 副书记 、 副董事长 刘志江 ， 	曹江林 	 

阿罗约	成都举办集团	（ 中建 发展 供稿 ） 相关 报道 菲律宾 众议院 议长 	阿罗约 	出席 南 少林寺 片区 旧城 改造 项目 开工 奠基 仪式 郝鹏 调研 中国 建筑 在京 重点 项目 中国 建筑 召开 扶贫 干部 工作 座谈会 湖北省 第十五 届 运动会 在 中建 八 局 承建 的 黄石 奥林匹克 体育 中心 闭幕 首 届 中国 建筑 基础 设施 科技 创新 推进 工作 研讨 会在 	成都 举办 集团 	领导 与 11 位 参加 工会 十七 大 的 中建 代表 座谈 交流 

洪森	大唐集团公司	9 级 地震 陈飞虎 受邀 出席 第 15 届 中国 - 东盟 博览会 开幕式 并 到 广西 分公司 调研 陈飞虎 出席 柬埔寨 国家 领导人 与 中国 企业 CEO 圆桌 对话 会 并与 	洪森 	首相 进行 深入 交流 	大唐 集团 公司 	召开 党建 质量 提升 推进会 大唐 南京 发电厂 成功 签订 首 份 2019年 售 电 合约 

北勘公司	张春辉	公司 领导 到 石家庄 综合 保税区 标准化 仓库 建设 项目 检查 调研 工作 2018年 4月 25日 ， 	北勘 公司 	副总经理 陆洪根 、 生产 运 营部 主任 王永正 、 科技 质量 与 安全部 副主任 黄彬 、 科技 质量 与 安全部 	张春辉 	一行 四 人 到 石家庄 综合 保税区 标准化 保税 仓库 建设 项目 一 期 工程 进行 检查 调研 ， 第一 勘察 设计 研究所 副所长 王海渤 及 项目 人员 张晓畅 、 杜新鹏 陪同 并 做 详细 讲解 

海汽集团公司党委	姜宏涛	 	海汽 集团 公司 党委 	书记 、 董事长 	姜宏涛 	, 总经理 刘海荣 , 纪委 书记 李轩 , 总 会计师 符 人恩 等 参加 调研 

周旭	重庆市蔡家组团建设开发有限公司	调研 中 ， 	周旭 	认真 听取 了 全 区 国资 国企 工作 情况 汇报 和 重庆 缙云 资产 经营 （ 集团 ） 有限 公司 、 	重庆市 蔡 家 组团 建设 开发 有限 公司 	、 重庆市 北碚区 新 城建设 有限 责任 公司 、 重庆 缙融 资本 运营 管理 有限 公司 工作 开展 情况 汇报 

乔登	中国电信邢台分公司	为 切实 抓好 中央 、 省委 巡视 巡查 反馈 意见 的 整改 落实 工作 ， 1月 18日 ， 市 国资委 调研员 	乔登 	选 、 市 纪委 派驻市 国资委 纪检组 副 组织 长 李学键 等 4 人 组成 检查组 ， 对 	中国 电信 邢台 分公司 	、 邢台 水业 集团 有限 公司 等 5 家 企业 开展 检查 

刘勇	西安设计公司	 	刘勇 	同志 到 新集 公司 、 淮南 矿业 集团 调研 赵荣哲 同志 到 	西安 设计 公司 	调研 平朔 工业 公司 围绕 拓展 外部 运输 市场 开展 调研 做好 沟通 协调 和 指导 推进 集团 公司 主题 教育 领导 小组 办公室 认真 做好 与 国资委 巡回 指导组 的 沟通 协调 ， 每周一 参加 国资委 巡回 指导组 联络员 会议 ， 每 周 三 报送 集团 公司 主题 教育 特点 亮点 工作 ， 及时 协调 巡回 指导组 参加 集团 公司 集中 学习 研讨 、 调查 研究 等 ， 构建 了 顺畅 的 工作 联系 机制 

翁杰明	中国黄金集团中金珠宝股份有限公司	近日 ， 国务院 国有 企业 改革 领导 小组 办公室 副主任 、 国务院 国资委 副主任 	翁杰明 	赴 	中国 黄金 集团 中金 珠宝 股份 有限 公司 	和 北新 集团 建材 股份 有限 公司 两 家 “ 双百 企业 ” 进行 调研 ， 先后 参观 了 中国 黄金 旗舰店 、 北 新 建材 未来 建筑 馆 等 ， 并与 有关 企业 进行 了 座谈 交流 

陈武南	粤海集团	汕头市 市长 郑剑戈 、 副市长 	陈武南 	， 潮 南区 、 潮阳 区区 委 区政府 主要 领导 、 区 相关 部门 ， 省 国资委 规划 发展 处 、 考核 分配处 ， 建工 集团 、 广业 集团 、 	粤海 集团 	等 相关 单位 参加 调研 

童志云	水利投资集团有限公司	本报讯 （ 首席 记者 颜宏幸 ） 为 加快 推进 州 属 国有 企业 改革 ， 推动 国有 资产 资源 高效 整合 重组 ， 6月 14日 ， 州委 书记 	童志云 	， 州委 副书记 、 州长 张秀兰 深入 州 交通 投资 建设 集团 有限 公司 、 	水利 投资 集团 有限 公司 	、 城乡 开发 投资 有限 公司 、 土地 开发 投资 有限 公司 进行 专题 调研 ， 并 召开 座谈会 ， 分析 当前 全州 国有 企业 改革 推进 中 存在 的 困难 和 问题 ， 对 深化 州 属 国有 企业 改革 工作 进行 再 安排 、 再 部署 

夏庆丰	中国有色集团	国务院 国资委 宣传局 局长 	夏庆丰 	、 改革 局 副局长 林庆苗 参加 调研 ， 并对 	中国 有色 集团 	深化 改革 、 加强 宣传 等 工作 提出 了 意见 和 要求 

童志云	土地开发投资有限公司	本报讯 （ 首席 记者 颜宏幸 ） 为 加快 推进 州 属 国有 企业 改革 ， 推动 国有 资产 资源 高效 整合 重组 ， 6月 14日 ， 州委 书记 	童志云 	， 州委 副书记 、 州长 张秀兰 深入 州 交通 投资 建设 集团 有限 公司 、 水利 投资 集团 有限 公司 、 城乡 开发 投资 有限 公司 、 	土地 开发 投资 有限 公司 	进行 专题 调研 ， 并 召开 座谈会 ， 分析 当前 全州 国有 企业 改革 推进 中 存在 的 困难 和 问题 ， 对 深化 州 属 国有 企业 改革 工作 进行 再 安排 、 再 部署 

王喆	中国新兴建设开发有限责任公司	会议 由 建委 科技处 调研员 徐东林 主持 ， 中国 建筑 科学 研究院 顾问 副总工程师 赵 基达 ， 华夏 建宇 （ 北京 ） 混凝土 技术 研究院 院长 路 来 军 ， 中国 建筑 标准 设计 研究院 钢结构 所 所长 	王喆 	， 	中国 新兴 建设 开发 有限 责任 公司 	副总工程师 李栋 ， 建研 科技 股份 公司 高 性能 混凝土 研究 中心 主任 周永祥 等 审查 专家 出席 会议 

省高速公路集团有限公司党委	谢立新	省 国资委 党委 委员 、 副主任 张美诚 ， 省 交通厅 党组 成员 、 副 厅长 曾 胜 ， 	省 高速 公路 集团 有限 公司 党委 	副书记 、 董事长 	谢立新 	参加 调研 

郝鹏	新兴际华集团	国资委 主任 	郝鹏 	主任 在 博鳌 亚洲 论坛 期 提到 ， 央企 投资 运营 公司 试点 单位 上报 方案 很快 就 会 批复 ， 4月 17日 ， 国资委 副主任 翁杰明 到 第三 批 国有 资本 投资 、 运营 试点 企业 —— 	新兴 际华 集团 	调研 

李斌	三峡集团	座谈会 上 ， 三峡 新 能源 党委 书记 、 董事长 	李斌 	对 调研组 一行 表示 热烈 欢迎 ， 并 表示 ， 作为 	三峡 集团 	第二 主业 的 战略 实施 主体 ， 三峡 新 能源 认真 贯彻 落实 中央 关于 深化 国企 改革 发展 混合 所有制 经济 文件 精神 和 集团 公司 有关 战略 部署 ， 结合 自身 发展 实际 ， 积极 开展 引战股改 工作 ， 顺利 完成 混合 所有制 改革 和 股份制 改造 

赵荣哲	平朔工业公司	刘勇 同志 到 新集 公司 、 淮南 矿业 集团 调研 	赵荣哲 	同志 到 西安 设计 公司 调研 	平朔 工业 公司 	围绕 拓展 外部 运输 市场 开展 调研 做好 沟通 协调 和 指导 推进 集团 公司 主题 教育 领导 小组 办公室 认真 做好 与 国资委 巡回 指导组 的 沟通 协调 ， 每周一 参加 国资委 巡回 指导组 联络员 会议 ， 每 周 三 报送 集团 公司 主题 教育 特点 亮点 工作 ， 及时 协调 巡回 指导组 参加 集团 公司 集中 学习 研讨 、 调查 研究 等 ， 构建 了 顺畅 的 工作 联系 机制 

安军靖	中交集团	国资委 产权 管理局 局长 贾立克 、 国际 合作局 局长 殷长波 、 规划 发展局 副局长 孟华强 、 中广 核 办公厅 主任 胡光耀 、 铀业 公司 总经理 	安军靖 	、 斯科 公司 总经理 蔡于胜 、 	中 交 集团 	副总经理 王海怀 等 一同 参加 调研 和 座谈 

王文宇	星瀚集团	 	王文宇 	先后 前往 善道 集团 、 矿业 集团 、 九 柱 集团 、 	星瀚 集团 	， 听取 国有 企业 运营 情况 汇报 ， 并 就 企业 承担 的 公交 一体化 改革 、 北 武当 河 生态 修复 工程 等 重点 项目 和 转型 发展中 谋划 的 项目 ， 以及 企业 党建 工作 开展 情况 进行 深入 调研 

桑顿	德盛能源配售电有限公司	督导 调研组 一行 先后 对 蓝思 科技 、 	桑顿 	新 能源 、 	德盛 能源 配售 电 有限 公司 	等 进行 了 实地 考察 

保利集团	徐念沙	据 中 丝 集团 官网 消息 ， 今年 6月 5日 至 12日 ， 	保利 集团 	董事长 	徐念沙 	， 

李星强	江厦公司	11月 12日 ， 市 国资委 党委 委员 、 副主任 	李星强 	到 轻纺 集团 所属 卓越 公司 、 	江厦 公司 	、 资产 管理 公司 、 奥博 公司 进行 调研 ， 市 国资委 相关 处室 陪同 调研 

薛占海	石油炼化公司	6月 12日 ， 根据 第十七 次 陕北 高端 能源 化工 基地 建设 座谈会 会议 议程 安排 ， 陕西省 副省长 方光华 、 延安市 市长 	薛占海 	， 调研 延长 	石油 炼化 公司 	延长 油田 伴生气 资源 利用 项目 建设 情况 ， 延长县 相关 领导 ， 延长 石油 集团 公司 总 工程师 扈广法 ， 炼化 公司 总经理 李军 ， 总 工程师 张浩文 等 领导 陪同 调研 

中国建材集团	常	国资委 秘书长 彭华岗 ， 浙江 省政府 副秘书长 高屹 ， 	中国 建材 集团 	党委 副书记 、 副董事长 刘志江 ， 	常 	 

中铝集团党组	余德辉	5月 21日 ， 	中铝 集团 党组 	副书记 、 总经理 	余德辉 	一行 到 西北 铝 、 中铝 铝箔 陇西 公司 调研 

赵基达	中国新兴建设开发有限责任公司	会议 由 建委 科技处 正 处级 调研员 徐东林 主持 ， 中国 建筑 科学 研究院 顾问 副总工程师 	赵 基达 	， 华夏 建宇 （ 北京 ） 混凝土 技术 研究院 院长 路 来 军 ， 中国 建筑 标准 设计 研究院 钢结构 所 所长 王喆 ， 	中国 新兴 建设 开发 有限 责任 公司 	副总工程师 李栋 ， 建研 科技 股份 公司 高 性能 混凝土 研究 中心 主任 周永祥 等 审查 专家 出席 会议 

郝鹏	中航通用飞机有限责任公司	 	郝鹏 	先后 深入 国机 集团 所 属国 机智 能 科技 有限 公司 、 航空 工业 集团 所属 	中航 通用 飞机 有限 责任 公司 	和 广州 汽车 、 珠海 格力 电器 等 调研 ， 参观 企业 科研 展厅 、 实验室 、 生产 车间 ， 与 一 线 科研 人员 、 技能 工人 深入 交流 ， 详细 了解 企业 科技 研发 、 转型 升级 、 创新 发展 情况 

任洪斌	陕西电子信息集团	 	任洪斌 	一行 先后 调研 了 	陕西 电子 信息 集团 	、 杨凌 农业 高 新 技术 产业 示范区 、 中国 航天 推进 技术 研究院 、 中国 航发 西安 航空 发动机 有限 公司 

陈超英	机械科学研究总院集团有限公司	国务院 国资委 党委 委员 	陈超英 	在 	机械 科学 研究 总院 集团 有限 公司 	调研 时 强调 ， 创新 发展 作为 下 一 步 推动 国有 资本 做 优 做 强 做大 的 重要 途径 ， 科技型 企业 首先 要 肩负 起 使命 、 展现 出 担当 

郝鹏	国家电力公司	在 南 期间 ， 	郝鹏 	还 访问 了 南非 最 大 的 国有 企业 	国家 电力 公司 	（ Eskom ） ， 并 赴 中车 - Transnet 轨道 交通 装备 有限 公司 、 中钢 南非 公司 、 国家 能源 集团 龙源 南非 可 再生 能源 有限 公司 等 中央 企业 驻 南 机构 实地 调研 ， 了解 国际化 经营 情况 和 改革 发展 党建 工作 

郝鹏	中国石化河北绿源地热能开发公司	为 深入 了解 中央 企业 参与 建设 河北 雄 安新区 的 情况 ， 	郝鹏 	一行 来到 位于 雄安的 	中国 石化 河北 绿 源地 热能 开发 公司 	， 中央 企业 参与 的 “ 千年 秀 林 ” 林区 和 中国 建筑 承建 的 雄安 市民 服务 中心 调研 

黄敦新	建工集团	10月 24日 ， 省 国资委 主任 、 党委 书记 李成 ， 副主任 、 党委 委员 	黄敦新 	等一行 到 	建工 集团 	承建 的 练 江 流域 整治 环保 设施 项目 检查 调研 

马方元	四川省企业家协会	全国 工商联 副主席 、 四川省 政协 副主席 、 省 工商联 主席 陈放 先生 ， 中国 会展 经济 研究会 会长 袁再清 先生 ， 四川省 国资委 党委 委员 、 副主任 秦明 先生 ， 四川省 知识 产权局 副局长 杨早林 先生 ， 四川省 工商 行政 管理局 商标 分局 局长 周广平 先生 ， 四川省 发展 和 改革 委员会 调研员 张亚敏 女士 ， 四川省 经济 和 信息化 委员会 副 调研员 刘凯 先生 ， 省企联 特邀 副 会长 、 省政协 原 常委 、 省 农业厅 原 常务 副厅长 傅志康 先生 ， 省企联 特邀 副 会长 、 省政府 原 副秘书长 张晋川 先生 ， 省企联 顾问 、 省人大 常委会 法制 工作 委员会 原 主任 杨文 先生 ， 省企联 顾问 、 省 国 安厅 原 常务 副厅长 	马方元 	先生 ， 省企联 顾问 、 省 国资委 原 副主任 李继郁 先生 ， 四川省 企业 联合会 、 	四川省 企业家 协会 	副会长 兼 秘书长 梁勤 先生 ， 四川省 质量 协会 驻 会 副会长 罗召贵 先生 等 领导 及 相关 政府 部门 负责人 出席 大会 

王斌	四川设计咨询公司	7月 18日 ， 公司 党委 副书记 	王斌 	带领 调研组 围绕 “ 用 高质量 党建 引领 企业 高 质量 发展 ” 主题 ， 坚持 问题 导向 、 目标 导向 ， 对 	四川 设计 咨询 公司 	深入 开展 主题 教育 和 贯彻 “ 两 个 一以贯之 ” 、 落实 混改 目标 任务 进行 了 调研 指导 

燃气集团党委	蔡鑫磊	 	燃气 集团 党委 	委员 、 副总经理 	蔡鑫磊 	， 总 法律 顾问 、 政策 法规处 处长 、 改革 办 主任 侯晓莉 ， 省 国资委 企业 改革 处 处长 薛恩华 、 人事处 副处长 王超峰 、 政策 法规处 调研员 毛永波 参加 会议 

波瑞公司	王洪艳	总经理 姜涛 、 监事会 主席 张文涛 、 副总经理 姬剑锷 、 副总经理 张宪宝 ， 爱 	波瑞 公司 	董事长 	王洪艳 	、 总裁 王德强 等 领导 陪同 调研 和 座谈 

郝鹏	中国电信重庆分公司	在 渝期间 ， 	郝鹏 	与 重庆 市委 、 市政府 主要 负责 同志 座谈 ， 出席 了 重庆市 政府 与 中国 电信 、 中国 移动 、 中国 联通 、 中国 铁塔 等 深入 推进 5G 数字 重庆 建设 战略 合作 协议 签约 仪式 ， 并 到 	中国 电信 重庆 分公司 	5G 体验 馆 调研 

鲁泰   济宁市中山公用水务有限公司		调研组 先后 对 	济宁市 中山 公用 水 务 有限 公司 	、 济宁 落陵 春辉 机械 制造 有限 公司 、 	鲁泰 	控股 凯本 金威 特种 化学品 （ 济宁 ） 有限 公司 进行 了 调研 ， 听取 了 混合 所有制 改革 工作 情况 汇报 、 召开 了 座谈会 ， 对 生产 车间 进行 了 实地 走访 ， 了解 了 基层 干部 群众 的 反映 ， 在 推进 混合 所有制 过程 中 采取 的 措施 ， 取得 的 成效 ， 遇到 的 困难 ， 需要 提请 市 经济 体制 改革 专项 小组 解决 的 问题 等 

袁再清	四川省企业家协会	全国 工商联 副主席 、 四川省 政协 副主席 、 省 工商联 主席 陈放 先生 ， 中国 会展 经济 研究会 会长 	袁再清 	先生 ， 四川省 国资委 党委 委员 、 副主任 秦明 先生 ， 四川省 知识 产权局 副局长 杨早林 先生 ， 四川省 工商 行政 管理局 商标 分局 局长 周广平 先生 ， 四川省 发展 和 改革 委员会 调研员 张亚敏 女士 ， 四川省 经济 和 信息化 委员会 副 调研员 刘凯 先生 ， 省企联 特邀 副 会长 、 省政协 原 常委 、 省 农业厅 原 常务 副厅长 傅志康 先生 ， 省企联 特邀 副 会长 、 省政府 原 副秘书长 张晋川 先生 ， 省企联 顾问 、 省人大 常委会 法制 工作 委员会 原 主任 杨文 先生 ， 省企联 顾问 、 省 国 安厅 原 常务 副厅长 马方 元 先生 ， 省企联 顾问 、 省 国资委 原 副主任 李继郁 先生 ， 四川省 企业 联合会 、 	四川省 企业家 协会 	副会长 兼 秘书长 梁勤 先生 ， 四川省 质量 协会 驻 会 副会长 罗召贵 先生 等 领导 及 相关 政府 部门 负责人 出席 大会 

翟日    陕药集团		3月 21日 至 22日 ， 省 国资委 党委 副书记 、 主任 任国 、 副主任 孙喜民 、 省工 信 厅 总 工程师 崔跃民 等 一行 带着 振兴 陕西 医药 产业 的 命题 赴 	陕 药 集团 	开展 了 为期 两 天 的 调研 活动 ， 	翟日 	 
 
颜宏幸	土地开发投资有限公司	本报讯 （ 首席 记者 	颜宏幸 	） 为 加快 推进 州 属 国有 企业 改革 ， 推动 国有 资产 资源 高效 整合 重组 ， 6月 14日 ， 州委 书记 童志云 ， 州委 副书记 、 州长 张秀兰 深入 州 交通 投资 建设 集团 有限 公司 、 水利 投资 集团 有限 公司 、 城乡 开发 投资 有限 公司 、 	土地 开发 投资 有限 公司 	进行 专题 调研 ， 并 召开 座谈会 ， 分析 当前 全州 国有 企业 改革 推进 中 存在 的 困难 和 问题 ， 对 深化 州 属 国有 企业 改革 工作 进行 再 安排 、 再 部署 

王善平	市鑫园融资担保有限公司	 	王善平 	先后 前往 市 文化 旅游 发展 集团 有限 公司 、 市 城市 建设 投资 有限 公司 、 	市鑫园 融资 担保 有限 公司 	等地 调研 企业 运营 情况 ， 并 召开 国资 国企 改革 发展 工作 座谈会 ， 听取 市 国资委 、 市属 国有 企业 就 全 市 国资 国企 改革 发展 、 川 陕 革命 老区 振兴 发展 基金 运行 情况 汇报 

黄敦新	广业集团普宁垃圾	为 认真 落实 省委 省政府 关于 打好 污染 防治 攻坚战 的 要求 ， 近日 ， 省 国资委 主任 、 党委 书记 李成 ， 副主任 、 党委 委员 	黄敦新 	等一行 调研 广业 集团 、 建工 集团 、 粤海 控股 集团 在 揭阳 、 汕头 地区 的 环保 基础 设施 建设 情况 ， 重点 调研 了 	广业 集团 普宁 垃圾 	焚烧 发电 项目 、 练 江 流域 整治 环保 工程 项目 

郝鹏	中国石油吐哈油田公司	会前 ， 	郝鹏 	深入 喀什 疏附县 兰干镇 萨依村 ， 看望 工作 在 这里 的 	中国 石油 吐哈 油田 公司 	“ 访 惠聚 ” 驻 村 工作队 ， 就 中央 企业 援疆 干部 工作 生活 情况 进行 调研 

中丝集团	王兴晔	据 	中 丝 集团 	官网 消息 ， 今年 6月 5日 至 12日 ， 保利 集团 董事长 徐念沙 ， 保利 集团 副总经理 、 	王兴晔 	 

许勤	河北永乐胶带有限公司	记者 孟宇 光 摄 河北 新闻网 讯 （ 记者 王成果 ） 11月 7日 ， 省长 	许勤 	到 涿州市 中船 重工 海洋 装备 产业 园 项目 、 	河北 永乐 胶带 有限 公司 	调研 ， 主持 召开 企业家 座谈会 

曹海燕	河北建工集团党委	2月 21日 ， 由 河北省 国资委 党委 副书记 	曹海燕 	带队 ， 河 钢 集团 党委 副书记 李炳军 、 	河北 建工 集团 党委 	副书记 张庆虎 ， 河北省 国资委 党建处 、 改革 改组 处 ， 河北 建 投 集团 有关 人员 组成 的 调研组 来 公司 ， 就 公司 党建 工作 情况 进行 专题 调研 

胡耀邦	中国企业改革体制研究会	作为 中国 国有 企业 改革 调查 第一 人 ， 被 	胡耀邦 	、 邓小平 、 胡锦涛 等 国家 领导人 批示 国企 改革 调研 有 思考 的 	中国 企业 改革 体制 研究会 	副会长 李锦 指出 ： 国企 改革 ， 政府 改革 在先 ， 企业 改革 在后 ， 是 相辅相成 的 

王文宇	九柱集团	 	王文宇 	先后 前往 善道 集团 、 矿业 集团 、 	九 柱 集团 	、 星瀚 集团 ， 听取 国有 企业 运营 情况 汇报 ， 并 就 企业 承担 的 公交 一体化 改革 、 北 武当 河 生态 修复 工程 等 重点 项目 和 转型 发展中 谋划 的 项目 ， 以及 企业 党建 工作 开展 情况 进行 深入 调研 

李海鹰	四川通用航空投资管理有限责任公司	川航 集团 党委 书记 、 董事长 	李海鹰 	， 省 国资委 副主任 薛东兵 ， 川航 集团 副总经理 、 	四川 通用 航空 投资 管理 有限 责任 公司 	董事长 陈斌 参加 调研 

袁家军	浙能集团	 	袁家军 	在 	浙 能 集团 	调研 时 强调 依靠 改革 开放 创新 做 强 做 优 做大 国企 浙江 在线 杭州 8月 21日 讯 （ 记者 余勤 ） 21日 ， 省长 

张小刚	建工集团	为 深入 调研 了解 新疆 国有 企业 党风 廉政 建设 工作 ， 	张小刚 	一行 还 先后 赴 省 	建工 集团 	下属 新疆 粤 水电 能源 公司 、 图木舒 克 唐王 城 机场 和 空港 城 项目 ， 实地 调研 了解 了解 有关 项目 投资 、 建设 、 运营 等 关键 环节 的 廉洁 风险 防控 工作 情况 

殷长波	铀业公司	国资委 产权 管理局 局长 贾立克 、 国际 合作局 局长 	殷长波 	、 规划 发展局 副局长 孟华强 、 中广 核 办公厅 主任 胡光耀 、 	铀业 公司 	总经理 安军靖 、 斯科 公司 总经理 蔡于胜 、 中 交 集团 副总经理 王海怀 等 一同 参加 调研 和 座谈 

秦明	四川省企业家协会	全国 工商联 副主席 、 四川省 政协 副主席 、 省 工商联 主席 陈放 先生 ， 中国 会展 经济 研究会 会长 袁再清 先生 ， 四川省 国资委 党委 委员 、 副主任 	秦明 	先生 ， 四川省 知识 产权局 副局长 杨早林 先生 ， 四川省 工商 行政 管理局 商标 分局 局长 周广平 先生 ， 四川省 发展 和 改革 委员会 调研员 张亚敏 女士 ， 四川省 经济 和 信息化 委员会 副 调研员 刘凯 先生 ， 省企联 特邀 副 会长 、 省政协 原 常委 、 省 农业厅 原 常务 副厅长 傅志康 先生 ， 省企联 特邀 副 会长 、 省政府 原 副秘书长 张晋川 先生 ， 省企联 顾问 、 省人大 常委会 法制 工作 委员会 原 主任 杨文 先生 ， 省企联 顾问 、 省 国 安厅 原 常务 副厅长 马方 元 先生 ， 省企联 顾问 、 省 国资委 原 副主任 李继郁 先生 ， 四川省 企业 联合会 、 	四川省 企业家 协会 	副会长 兼 秘书长 梁勤 先生 ， 四川省 质量 协会 驻 会 副会长 罗召贵 先生 等 领导 及 相关 政府 部门 负责人 出席 大会 

鞍钢集团党委	段向东	7 日 上午 ， 	鞍钢 集团 党委 	常委 、 副总经理 ， 攀钢 党委 书记 、 董事长 	段 向东 	集中 调研 积微物联 “ 双百 行动 ” 及 相关 单位 混合 所有制 改革 工作 进展 情况 ， 要求 严格 按照 国家 相关 政策 和 鞍钢 集团 工作 部署 ， 结合 实际 、 加强 领导 、 压实 责任 、 倒排 工期 、 加快 节奏 ， 深入 推进 混合 所有制 改革 ， 助推 新 攀钢 建设 目标 实现 

谭奇峰   粤海水务集团		1月 18日 ， 省 国资委 副主任 王晓昀 到 粤 水电 承建 的 粤东 区域 重点 工程 练 江 流域 环保 整治 工程 项目 调研 ， 潮 南区 区委 常委 、 常务 副区长 王楚彬 、 总 承包 事业部 副总经理 胡顺彬 、 	粤 海水 务 集团 	总经理 	谭奇峰 	、 建工 集团 副总经理 黄瑛鹏 、 粤 水电 副总经理 王伟导 、 副总工程师 、 工程 管理部 经理 石爱军 及 工程 建设 公司 粤东 区域 重点 工程 项目 部 相关 人员 参加 调研 

郝鹏	国家能源集团龙源南非可再生能源有限公司	在 南 期间 ， 	郝鹏 	还 访问 了 南非 最 大 的 国有 企业 国家 电力 公司 （ Eskom ） ， 并 赴 中车 - Transnet 轨道 交通 装备 有限 公司 、 中钢 南非 公司 、 	国家 能源 集团 龙源 南非 可 再生 能源 有限 公司 	等 中央 企业 驻 南 机构 实地 调研 ， 了解 国际化 经营 情况 和 改革 发展 党建 工作 

俞旭平	浙江省中药研究所有限公司	● 浙江 首 批 “ 科 特派 ” 	俞旭平 	2003年 4月 24日 ， 时 任 浙江 省委 书记 习近平 到 淳安县 枫树 岭镇下 姜 村 调研 ， 从 村 支书 那里 得知 这里 “ 缺 技术 、 缺 人才 ” ， 当天 ， 浙江省 中药 研究所 （ 后 改制 为 	浙江省 中药 研究所 有限 公司 	） 高级 工程师 

郝鹏	航空工业集团	 	郝鹏 	先后 深入 国机 集团 所 属国 机智 能 科技 有限 公司 、 	航空 工业 集团 	所 属 中航 通用 飞机 有限 责任 公司 和 广州 汽车 、 珠海 格力 电器 等 调研 ， 参观 企业 科研 展厅 、 实验室 、 生产 车间 ， 与 一 线 科研 人员 、 技能 工人 深入 交流 ， 详细 了解 企业 科技 研发 、 转型 升级 、 创新 发展 情况 

四川省企业家协会	梁勤	全国 工商联 副主席 、 四川省 政协 副主席 、 省 工商联 主席 陈放 先生 ， 中国 会展 经济 研究会 会长 袁再清 先生 ， 四川省 国资委 党委 委员 、 副主任 秦明 先生 ， 四川省 知识 产权局 副局长 杨早林 先生 ， 四川省 工商 行政 管理局 商标 分局 局长 周广平 先生 ， 四川省 发展 和 改革 委员会 调研员 张亚敏 女士 ， 四川省 经济 和 信息化 委员会 副 调研员 刘凯 先生 ， 省企联 特邀 副 会长 、 省政协 原 常委 、 省 农业厅 原 常务 副厅长 傅志康 先生 ， 省企联 特邀 副 会长 、 省政府 原 副秘书长 张晋川 先生 ， 省企联 顾问 、 省人大 常委会 法制 工作 委员会 原 主任 杨文 先生 ， 省企联 顾问 、 省 国 安厅 原 常务 副厅长 马方 元 先生 ， 省企联 顾问 、 省 国资委 原 副主任 李继郁 先生 ， 四川省 企业 联合会 、 	四川省 企业家 协会 	副会长 兼 秘书长 	梁勤 	先生 ， 四川省 质量 协会 驻 会 副会长 罗召贵 先生 等 领导 及 相关 政府 部门 负责人 出席 大会 

周旭	重庆缙云资产经营（集团）有限公司	调研 中 ， 	周旭 	认真 听取 了 全 区 国资 国企 工作 情况 汇报 和 	重庆 缙云 资产 经营 （ 集团 ） 有限 公司 	、 重庆市 蔡 家 组团 建设 开发 有限 公司 、 重庆市 北碚区 新 城建设 有限 责任 公司 、 重庆 缙融 资本 运营 管理 有限 公司 工作 开展 情况 汇报 

李锦	双星集团	国企 改革 40 年 的 回顾 （ 4 、 5 ） 在 中央 决定 70 天 前 拿出 市场 经济 模型 	李锦 	今天 发表 对 国企 改革 40 年 回顾 《 “ 南巡 讲话 ” 之后 对 	双星 集团 	的 调研 》 第 4 、 5 小节 ， 重点 写 的 是 邓小平 “ 南巡 讲话 ” 到 十四 大 前 在 青岛 

罗昭斌	云南先锋化工有限公司	云南省 国资委 主任 	罗昭斌 	（ 右 二 ） 到 	云南 先锋 化工 有限 公司 	调研 

傅志康	四川省企业联合会	全国 工商联 副主席 、 四川省 政协 副主席 、 省 工商联 主席 陈放 先生 ， 中国 会展 经济 研究会 会长 袁再清 先生 ， 四川省 国资委 党委 委员 、 副主任 秦明 先生 ， 四川省 知识 产权局 副局长 杨早林 先生 ， 四川省 工商 行政 管理局 商标 分局 局长 周广平 先生 ， 四川省 发展 和 改革 委员会 调研员 张亚敏 女士 ， 四川省 经济 和 信息化 委员会 副 调研员 刘凯 先生 ， 省企联 特邀 副 会长 、 省政协 原 常委 、 省 农业厅 原 常务 副厅长 	傅志康 	先生 ， 省企联 特邀 副 会长 、 省政府 原 副秘书长 张晋川 先生 ， 省企联 顾问 、 省人大 常委会 法制 工作 委员会 原 主任 杨文 先生 ， 省企联 顾问 、 省 国 安厅 原 常务 副厅长 马方 元 先生 ， 省企联 顾问 、 省 国资委 原 副主任 李继郁 先生 ， 	四川省 企业 联合会 	、 四川省 企业家 协会 副会长 兼 秘书长 梁勤 先生 ， 四川省 质量 协会 驻 会 副会长 罗召贵 先生 等 领导 及 相关 政府 部门 负责人 出席 大会 

国家能源集团党组	高嵩	7月 25-26日 ， 	国家 能源 集团 党组 	成员 、 副总经理 	高嵩 	到 集团 公司 定点 帮扶 的 陕西省 榆林市 米脂县 、 吴堡县 调研 精准 扶贫 工作 
 

陈振亮	朔州市再生能源热力有限公司	 	陈振亮 	在 市 再生 能源 热力 有限 公司 调研 9月 28日 上午 ， 朔州 市委 副书记 、 市长 高键 就 2018-2019年 度 集中 供热 准备 情况 在 	朔州市 再生 能源 热力 有限 公司 	进行 实地 调研 ， 在 详细 了解 了 今冬 预计 供暖 时间 、 准备 情况 及 安全 保障 等 事宜 后 ， 他 要求 ， 相关 部门 要 各司其职 、 各尽其责 ， 协调 解决 好 供热 过程 中 出现 的 问题 ， 确保 全 市 人民 度过 一 个 温暖 舒适 的 冬季  

张海波	北洋集团	8月 15日 ， 市委 副书记 、 市长 	张海波 	到 	北洋 集团 	、 公交 集团 调研 市属 国有 企业 经营 情况 ， 与 企业 领导 班子 共同 探讨 破解 发展 瓶颈 的 思路 和 办法 ， 要求 聚焦 主责 主业 ， 强化 改革 创新 ， 不断 增强 发展 动力 和 活力 ， 促进 国有 企业 高 质量 发展 

翁杰明	中国黄金集团中金珠宝股份有限公司	今年 3月 28日 ， 国务院 国企 改革 领导 小组 办公室 副主任 、 国务院 国资委 副主任 	翁杰明 	赴 	中国 黄金 集团 中金 珠宝 股份 有限 公司 	和 北新 集团 建材 股份 有限 公司 两 家 “ 双百 企业 ” 进行 调研 ， 强调 要 坚决 推进 充分 竞争 行业 和 领域 国有 企业 的 市场化 改革 


罗文	中国电子科技集团有限公司	会后 ， 	罗文 	赴 	中国 电子 科技 集团 有限 公司 	海洋 信息 产业 基地 调研 ， 听取 了 基地 负责人 关于 海洋 信息 产业 发展 情况 的 汇报 

章建华	中国三峡集团	履新 半年 以来 ， 	章 建华 	已 先后 赴 国家 电网 、 中国 华能 、 	中国 三峡 集团 	等 电网 、 电力 央企 实地 调研 ， 与 寇伟 等 一把手 就 相关 问题 展开 了 深入 交流 与 探讨 ， 同时 也 与 陕西 、 广东 、 浙江 等 地方 政府 加强 了 沟通 与 交流 ， 勾勒 了 电力 改革 、 能源 发展 改革 的 新 路径 

张美诚	湘电集团	8月 29日 下午 ， 省 国资委 副主任 、 党委 委员 	张美诚 	带队 赴 	湘电 集团 	调研 督导 国企 改革 工作 

袁金辉	河北港口集团	河北省 政府 新闻办 新闻 发布 处 调研员 	袁金辉 	下面 请 	河北 港口 集团 	孟书 记作 介绍 

郝鹏  中核集团	彭宇行	11月 21日 ， 国务院 国资委 主任 、 党委 副书记 郝鹏赴 	中核 集团 	中国 核动力 研究 设计院 开展 专题 调研 ， 四川省 副省长 	彭宇行 	， 

任兴文	铁投集团	省 国资委 党委 委员 、 副主任 	任 兴文 	， 省 能 投 集团 党委 书记 、 董事长 郭勇 ， 省 	铁 投 集团 	副总经理 熊启高 及 成都市 、 阿坝州 和 金川县 等 相关 领导 参加 调研 

能源热力有限公司	杨东峰	高键 在 市 再生 	能源 热力 有限 公司 	调研 10月 8日 上午 ， 朔州市 住建局 党组 书记 、 局长 	杨东峰 	一行 深入 市 再生 

郝鹏	中铝瑞闽股份有限公司	8月 13日 ， 国务院 国资委 党委 书记 、 主任 	郝鹏 	一行 到 	中铝 瑞 闽 股份 有限 公司 	调研 时 强调 ， 要 深入 学习 贯彻 习近平 新 时代 中国 特色 社会主义 思想 ， 再接再厉 ， 乘势而上 ， 奋力 开创 央企 高 质量 发展 新 局面 

黄敦新	建工集团	为 认真 落实 省委 省政府 关于 打好 污染 防治 攻坚战 的 要求 ， 近日 ， 省 国资委 主任 、 党委 书记 李成 ， 副主任 、 党委 委员 	黄敦新 	等一行 调研 广业 集团 、 	建工 集团 	、 粤海 控股 集团 在 揭阳 、 汕头 地区 的 环保 基础 设施 建设 情况 ， 重点 调研 了 广业 集团 普宁 垃圾 焚烧 发电 项目 、 练 江 流域 整治 环保 工程 项目  

中国建材集团 	李新华	国务院 国资委 改革 办 巡视员 尹义省 、 改革 局 副局长 林庆苗 、 国资委 改革 办 央企 组 处长 李鹏飞 ， 合肥市 领导 宁波 、 罗平 ， 	中国 建材 集团 	副董事长 	李新华 	、 副总经理 常 张 利 、 董事会 秘书 、 总经理 助理 光照宇 ， 中国 建材 总院 副院长 、 总会计师 赵延敏 ， 合肥 院 党委 书记 周云峰 、 院长 朱兵 等 相关 领导 参加 了 调研 

江明	九牛汽车股份有限公司	9月 18日 ， 随州 市政府 国资委 副 调研员 、 招商 分局 副局长 刘钢 会同 随 县 县委 常委 、 统战部 部长 黄宗超 ， 随 县 招商局 副局长 	江明 	等 赴 江西省 萍乡市 芦溪县 考察 	九 牛 汽车 股份 有限 公司 	， 宣传 推介 随州 ， 洽谈 合作 事宜 

保利集团	邓长清	据 中 丝 集团 官网 消息 ， 今年 6月 5日 至 12日 ， 	保利 集团 	董事长 徐念沙 ， 	邓长清 	  

中国建材集团	孙力实	本 网 讯 11月 14日 上午 ， 	中国 建材 集团 	总经理 曹江林 、 党委 副书记 	孙力实 	、 董事会 秘书 、 总经理 助理 光照宇 一行 莅临 平凉 祁连山 水泥 有限 公司 调研 指导 工作 

蔡于胜	中交集团	国资委 产权 管理局 局长 贾立克 、 国际 合作局 局长 殷长波 、 规划 发展局 副局长 孟华强 、 中广 核 办公厅 主任 胡光耀 、 铀业 公司 总经理 安军靖 、 斯科 公司 总经理 	蔡于胜 	、 	中 交 集团 	副总经理 王海怀 等 一同 参加 调研 和 座谈 

王喆	建研科技股份公司高性能混凝土研究中心	会议 由 建委 科技处 调研员 徐东林 主持 ， 中国 建筑 科学 研究院 顾问 副总工程师 赵 基达 ， 华夏 建宇 （ 北京 ） 混凝土 技术 研究院 院长 路 来 军 ， 中国 建筑 标准 设计 研究院 钢结构 所 所长 	王喆 	， 中国 新兴 建设 开发 有限 责任 公司 副总工程师 李栋 ， 	建 研 科技 股份 公司 高 性能 混凝土 研究 中心 	主任 周永祥 等 审查 专家 出席 会议 

贾珉亮	陕西宝氮化工集团有限公司	在 当日 上午 的 调研 中 ， 	贾珉亮 	一行 先后 来到 	陕西 宝 氮 化工 集团 有限 公司 	、 宝鸡 北方 照明 电器 （ 集团 ） 股份 有限 公司 、 陕西 宝 棉纺织 集团 有限 公司 等 企业 生产 一 线 ， 通过 现场 走访 、 集中 座谈 等 方式 ， 了解 企业 生产 经营 情况 ， 现场 解决 企业 生产 经营 中 面临 的 主要 困难 和 问题 

郝鹏	中交集团	在 纳 期间 ， 	郝鹏 	还 赴 	中 交 集团 	鲸湾 港 新 集装箱 码头 、 油 码头 及 管线 项目 和 中广 核 斯科 公司 湖 山 铀矿 等 在 纳 重大 合作 项目 现场 ， 实地 调研 中央 企业 国际化 经营 情况 和 改革 发展 党建 工作 

胡锦涛	中国企业改革体制研究会	作为 中国 国有 企业 改革 调查 第一 人 ， 被 胡耀邦 、 邓小平 、 	胡锦涛 	等国家 领导人 批示 国企 改革 调研 有 思考 的 	中国 企业 改革 体制 研究会 	副会长 李锦 指出 ： 国企 改革 ， 政府 改革 在先 ， 企业 改革 在后 ， 是 相辅相成 的 

单益新	北京天健中宇恒业工程咨询公司	图 8 ： 现场 损毁 后 的 挖机 图 9 ： 自卸车 正在 运输 燃烧 中 的 煤矸石 图 10 ： 大 粒径 石块 剥离 图 11 ： 机械 坡面 修复 本次 调研 由 住房 和 城乡 建设部 标准 定额 研究所 副研究员 董宇 、 中国 建设 工程 造价 管理 协会 主任 舒宇 、 中国 煤炭 建设 协会 秘书长 	单益新 	、 煤炭 工业 西安 工程 造价 管理站 副站长 杨振义 、 内蒙古 自治区 建设 工程 标准 定额 总站 站长 庞天 、 定额 科 科长 刘 银龙 、 山西省 工程 建设 标准 定额 站 总 工程师 张莉 、 工程师 王洋 、 中国 有色 金属 工业 工程 建设 定额 站 技术 总监 林发 、 乌海市 建设 工程 标准 定额 管理 站站 长白 继 凡 、 副站长 祝少 冬 、 	北京 天健中宇恒业 工程 咨询 公司 	副总经理 沙兵 等 同志 组成 专家 组 ， 对 乌海 矿区 生态 环境 综合 治理 项目 及 矿区 现状 进行 调研 ； 


太钢集团	高祥明	调研 活动 现场 ， 	太钢 集团 	董事长 	高祥明 	介绍 

高屹	中国建材集团党委	国资委 秘书长 彭华岗 ， 浙江 省政府 副秘书长 	高屹 	， 	中国 建材 集团 党委 	副书记 、 副董事长 刘志江 ， 中国 建材 集团 总经理 、 中国 巨石 董事长 曹江林 ， 中国 建材 集团 副总经理 常 张 利 ， 中国 建材 集团 董事会 秘书 、 总经理 助理 光照宇 ， 中国 建材 股份 副总裁 蔡国斌 等 陪同 调研 

燃气集团党委	侯晓莉	 	燃气 集团 党委 	委员 、 副总经理 蔡鑫磊 ， 总 法律 顾问 、 政策 法规处 处长 、 改革 办 主任 	侯晓莉 	， 省 国资委 企业 改革 处 处长 薛恩华 、 人事处 副处长 王超峰 、 政策 法规处 调研员 毛永波 参加 会议 


尼尔森集团	至伟	知名 市场 调研 公司 	尼尔森 集团 	最新 数据 显示 ， 美国 纸质 图书 的 销售 在 今年 上半年 整体 上涨 4% ， 在 这个 增幅 比例 的 背后 ， “ 现象 级 ” 大作 《 火 与 怒 》 和 《 更 高 的 忠诚 》 堪称 居功 	至伟 	 

林建兴	建工集团	省 国资委 规划 发展 处 、 考核 分配处 相关 负责 同志 ， 广业 集团 副总经理 	林建兴 	、 黄祥清 ， 广业 集团 、 	建工 集团 	、 粤海 控股 集团 相关 人员 参加 了 调研 

姬剑锷	波瑞公司	总经理 姜涛 、 监事会 主席 张文涛 、 副总经理 	姬剑锷 	、 副总经理 张宪宝 ， 爱 	波瑞 公司 	董事长 王洪艳 、 总裁 王德强 等 领导 陪同 调研 和 座谈 

史红宇	渭南市产投集团	4月 26日 ， 渭南市 国资委 副 调研员 	史红宇 	带领 国有 企业 监事会 办公室 人员 到 	渭南市 产投 集团 	进行 一季度 安全 生产 检查 

任洪斌	西安航空发动机有限公司	 	任洪斌 	一行 先后 调研 了 陕西 电子 信息 集团 、 杨凌 农业 高 新 技术 产业 示范区 、 中国 航天 推进 技术 研究院 、 中国 航发 	西安 航空 发动机 有限 公司 	 

郝鹏	中车-Transnet公司	当地 时间 10月 13日 上午 ， 国务院 国资委 主任 	郝鹏 	一行 到 	中车 - Transnet 公司 	考察 调研 

赵卫	中铝集团	万红岩 一行 还 参观 了 	赵卫 	国家级 大师 工作室 ， 听取 了 相关 工作 汇报 ， 为 	中铝 集团 	大师 工作室 筹建 开展 了 前期 调研 工作 

余德辉	陇西公司	5月 21日 ， 中铝 集团 党组 副书记 、 总经理 	余德辉 	一行 到 西北 铝 、 中铝 铝箔 	陇西 公司 	调研 

周旭	重庆市北碚区新城建设有限责任公司	调研 中 ， 	周旭 	认真 听取 了 全 区 国资 国企 工作 情况 汇报 和 重庆 缙云 资产 经营 （ 集团 ） 有限 公司 、 重庆市 蔡 家 组团 建设 开发 有限 公司 、 	重庆市 北碚区 新 城建设 有限 责任 公司 	、 重庆 缙融 资本 运营 管理 有限 公司 工作 开展 情况 汇报 

内蒙古诚裕信工程项目管理有限公司	庞有国	神华 乌海 能源 有限 责任 公司 工程 管理部 经理 苏全喜 、 	内蒙古 诚裕 信 工程 项目 管理 有限 公司 	董事长 	庞有国 	、 副总经理 雷军 受邀 参加 调研 

张小刚	新疆粤水电能源公司	为 深入 调研 了解 新疆 国有 企业 党风 廉政 建设 工作 ， 	张小刚 	一行 还 先后 赴 省 建工 集团 下属 	新疆 粤 水电 能源 公司 	、 图木舒 克 唐王 城 机场 和 空港 城 项目 ， 实地 调研 了解 了解 有关 项目 投资 、 建设 、 运营 等 关键 环节 的 廉洁 风险 防控 工作 情况 

王勇	葛洲坝集团	凯总 在 点评 班长 发言 时 ， 介绍 了 近期 国资委 领导 郝鹏 、 郝鹏 以及 国务 委员 	王勇 	今年 5月 份 以来 先后 密集 来 	葛洲坝 集团 	调研 ， 对于 

河钢集团党委	李炳军	2月 21日 ， 由 河北省 国资委 党委 副书记 曹海燕 带队 ， 	河钢 集团 党委 	副书记 	李炳军 	、 河北 建工 集团 党委 副书记 张庆虎 ， 河北省 国资委 党建处 、 改革 改组 处 ， 河北 建 投 集团 有关 人员 组成 的 调研组 来 公司 ， 就 公司 党建 工作 情况 进行 专题 调研 

李成	建工集团	10月 24日 ， 省 国资委 主任 、 党委 书记 	李成 	， 副主任 、 党委 委员 黄敦新 等 一行 到 	建工 集团 	承建 的 练 江 流域 整治 环保 设施 项目 检查 调研 


曹江林	平凉祁连山水泥有限公司	本 网 讯 11月 14日 上午 ， 中国 建材 集团 总经理 	曹江林 	、 党委 副书记 孙力 实 、 董事会 秘书 、 总经理 助理 光照宇 一行 莅临 	平凉 祁连山 水泥 有限 公司 	调研 指导 工作 

郝鹏	中核集团中国核动力研究设计院	11月 21日 ， 国务院 国资委 主任 、 党委 副书记 	郝鹏 	赴 	中核 集团 中国 核动力 研究 设计院 	开展 专题 调研 ， 四川省 副省长 彭宇行 ， 中核 集团 党组 书记 、 董事长 余剑锋 陪同 调研 

丰家雷	嘉祥县山东中材大力专用汽车有限公司	7月 4日 ， 市 国资委 党委 书记 、 主任 	丰家雷 	带领 济宁市 国有 资产 投资 控股 有限 公司 董事长 虢洪增 、 市惠达 投资 公司 总经理 李保军 等 相关 负责 同志 赴 	嘉祥 县 山东 中材 大力 专用 汽车 有限 公司 	进行 考察 调研 

黄敦新	粤海控股集团	为 认真 落实 省委 省政府 关于 打好 污染 防治 攻坚战 的 要求 ， 近日 ， 省 国资委 主任 、 党委 书记 李成 ， 副主任 、 党委 委员 	黄敦新 	等一行 调研 广业 集团 、 建工 集团 、 	粤海 控股 集团 	在 揭阳 、 汕头 地区 的 环保 基础 设施 建设 情况 ， 重点 调研 了 广业 集团 普宁 垃圾 焚烧 发电 项目 、 练 江 流域 整治 环保 工程 项目 

章建华	南方电网公司	据 了解 ， 在 广东 调研 期间 ， 	章 建华 	一行 还 实地 调研 了 广东 电力 交易 中心 、 	南方 电网 公司 	、 中国 广 核 集团 等 单位 

李学键	中国电信邢台分公司	为 切实 抓好 中央 、 省委 巡视 巡查 反馈 意见 的 整改 落实 工作 ， 1月 18日 ， 市 国资委 调研员 乔登选 、 市 纪委 派驻市 国资委 纪检组 副 组织 长 	李学键 	等 4 人 组成 检查组 ， 对 	中国 电信 邢台 分公司 	、 邢台 水业 集团 有限 公司 等 5 家 企业 开展 检查 

王跃华	中铁七局五公司	市 主要 领导 到 清华 附中 项目 施工 考察 调研 9月 12日 ， 郑州 市委 常委 、 常务 副市长 	王跃华 	一行 ， 到 	中 铁 七 局 五 公司 	清华 大学 附属 中学 项目 施工 现场 调研  

张炜	中国航天科工团体公司	 	张炜 	要求 ， 中央 机构 编制 委员会 办公室 副主任 张崇和 、 国防 科工局 党组 成员 	中国 航天 科 工 团体 公司 	 

铀业公司	王海怀	国资委 产权 管理局 局长 贾立克 、 国际 合作局 局长 殷长波 、 规划 发展局 副局长 孟华强 、 中广 核 办公厅 主任 胡光耀 、 	铀业 公司 	总经理 安军靖 、 斯科 公司 总经理 蔡于胜 、 中 交 集团 副总经理 	王海怀 	等一同 参加 调研 和 座谈 

章建华	浙能集团嘉华电厂	在 浙江 调研 期间 ， 	章 建华 	一行 深入 到 	浙 能 集团 嘉华 电厂 	、 中核 集团 秦山 核电 基地 等 能源 企业 一线 ， 实地 了解 能源 安全 保障 、 煤 电 超低 排放 改造 、 核电 生产 运行 等 情况 ， 认真 听取 企业 对 加快 电力 转型 升级 、 推动 能源 高 质量 发展 的 意见 建议 ， 并 就 深化 能源 体制 机制 改革 等 问题 与 有关 方面 进行 了 深入 讨论 

王文宇	矿业集团	 	王文宇 	先后 前往 善道 集团 、 	矿业 集团 	、 九 柱 集团 、 星瀚 集团 ， 听取 国有 企业 运营 情况 汇报 ， 并 就 企业 承担 的 公交 一体化 改革 、 北 武当 河 生态 修复 工程 等 重点 项目 和 转型 发展中 谋划 的 项目 ， 以及 企业 党建 工作 开展 情况 进行 深入 调研 

黄鑫	沪东中华造船(集团)有限公司	《 黄群慧 ： 实体 经济 与 虚拟 经济 互相 促进 带动 经济 转型 升级 》 相关 文章 推荐 五 ： 爬坡 过 坎攀 高端 —— 来自 中国 制造业 一线 的 调研 报告 之一 经济 日报・中国 经济 网 记者 	黄鑫 	7月 5日 ， 在 沪东 中华 造船 ( 集团 ) 有限 公司 ， 一 艘 总 舱 容为 17 	沪东 中华 造船 ( 集团 ) 有限 公司 	 

炼化公司	张浩文	6月 12日 ， 根据 第十七 次 陕北 高端 能源 化工 基地 建设 座谈会 会议 议程 安排 ， 陕西省 副省长 方光华 、 延安市 市长 薛占海 ， 调研 延长 石油 	炼化 公司 	延长 油田 伴生气 资源 利用 项目 建设 情况 ， 延长县 相关 领导 ， 延长 石油 集团 公司 总 工程师 扈广法 ， 	张浩文 	 

赵基达	建研科技股份公司高性能混凝土研究中心	会议 由 建委 科技处 正 处级 调研员 徐东林 主持 ， 中国 建筑 科学 研究院 顾问 副总工程师 	赵 基达 	， 华夏 建宇 （ 北京 ） 混凝土 技术 研究院 院长 路 来 军 ， 中国 建筑 标准 设计 研究院 钢结构 所 所长 王喆 ， 中国 新兴 建设 开发 有限 责任 公司 副总工程师 李栋 ， 	建 研 科技 股份 公司 高 性能 混凝土 研究 中心 	主任 周永祥 等 审查 专家 出席 会议 

翁杰明	西安高压电器研究院有限责任公司	 	翁杰明 	赴 陕西 调研 国企 国资 工作 9月 3日 ， 国资委 副主任 、 党委 委员 	西安 高压 电器 研究院 有限 责任 公司 	 

中国林业集团有限公司党委	宋权礼	6月 23日 ， 国务院 国有 资产 监督 管理 委员会 党委 书记 、 主任 郝鹏 ， 在 	中国 林业 集团 有限 公司 党委 	书记 、 董事长 	宋权礼 	， 总经理 林展等 的 陪同 下 专程 来到 中林·杭州 千岛湖 发展 集团 有限 公司 ， 调研 企业 党建 、 “ 不忘 初 心 、 牢记 使命 ” 主题 教育 、 企业 生产 经营 管理 和 践行 “ 两 山 理论 ” 情况 

广业集团	林建兴	省 国资委 规划 发展 处 、 考核 分配处 相关 负责 同志 ， 	广业 集团 	副总经理 	林建兴 	、 黄祥清 ， 

管理顾问有限公司	胡	课程 安排 主办 单位 ： 华 一世纪 企业 	管理 顾问 有限 公司 	、 中国 股权 激励 研究院 承办 单位 ： 青岛 乐 旺 百思特 投资 管理 有限 公司 课程 时间 ： 2018年 9月 20-21日 （ 周四 、 周五 ） 授课 地点 ： 青岛市 市南区 香港 中路 96 号 山 孚 大 酒店 参会 条件 ： 企业 法人 、 董事长 、 总经理 、 股东 参课 费用 ： 课程 原价 ： ￥ 8800 现在 只 收取 场地费 + 资料费 + 茶 水费 = 980 元 / 人 （ 感恩 回馈 ： 课前 调研 + 课 中 一对一 咨询 + 课后 答疑 ) 联系人 ： 	胡 	老师 15853247264 【 微 信 同步 】 另外 ， 本 课程 郑重 承诺 ， 两 天 课程 结束 后 不 满意 我们 无 条件 退款 

贾珉亮	宝鸡北方照明电器（集团）股份有限公司	在 当日 上午 的 调研 中 ， 	贾珉亮 	一行 先后 来到 陕西 宝 氮 化工 集团 有限 公司 、 	宝鸡 北方 照明 电器 （ 集团 ） 股份 有限 公司 	、 陕西 宝 棉纺织 集团 有限 公司 等 企业 生产 一 线 ， 通过 现场 走访 、 集中 座谈 等 方式 ， 了解 企业 生产 经营 情况 ， 现场 解决 企业 生产 经营 中 面临 的 主要 困难 和 问题 

安兰珍	冀中能源集团	省 国资委 调研组 到 冀中 股份 调研 督导 工作 文章 来源 ： 发布 时间 ： 2019/3/711:35:05 省 国资委 调研组 到 冀中 股份 调研 督导 工作 3月 6日 ， 省 国资委 考核 分配处 正 处级 调研员 	安兰珍 	、 副处长 陈聚山 一 行 ， 在 	冀中 能源 集团 	有关 领导 陪同 下 ， 到 冀中 股份 调研 督导 公务 用车 改革 、 独立 董事 薪酬 管理 等 工作 

厦门轨道集团建设分公司党委	王乃生	 	厦门 轨道 集团 建设 分公司 党委 	委员 、 副总经理 	王乃生 	： 为 确保 厦门 地铁 2 号 线 年底 开通 试 运营 ， 践行 “ 一 线 工作法 ” ， 集团 领导 班子 成员 挂 站 2 号 线 32 个 站点 区间 ， 深入 施工 现场 和 运营 基层 ， 坚持 问题 导向 ， 实施 精准 调研 


赵基达	建研科技股份公司高性能混凝土研究中心	会议 由 建委 科技处 调研员 徐东林 主持 ， 中国 建筑 科学 研究院 顾问 副总工程师 	赵 基达 	， 华夏 建宇 （ 北京 ） 混凝土 技术 研究院 院长 路 来 军 ， 中国 建筑 标准 设计 研究院 钢结构 所 所长 王喆 ， 中国 新兴 建设 开发 有限 责任 公司 副总工程师 李栋 ， 	建 研 科技 股份 公司 高 性能 混凝土 研究 中心 	主任 周永祥 等 审查 专家 出席 会议 

李学键	邢台水业集团有限公司	为 切实 抓好 中央 、 省委 巡视 巡查 反馈 意见 的 整改 落实 工作 ， 1月 18日 ， 市 国资委 调研员 乔登选 、 市 纪委 派驻市 国资委 纪检组 副 组织 长 	李学键 	等 4 人 组成 检查组 ， 对 中国 电信 邢台 分公司 、 	邢台 水业 集团 有限 公司 	等 5 家 企业 开展 检查 

章建华	中国广核集团	据 了解 ， 在 广东 调研 期间 ， 	章 建华 	一行 还 实地 调研 了 广东 电力 交易 中心 、 南方 电网 公司 、 	中国 广 核 集团 	等 单位 

刘勇	淮南矿业集团	平朔 集团 “ 不忘 初 心 牢记 使命 ” 主题 教育 集中 学习 研讨会 大屯 公司 “ 不忘 初 心 、 牢记 使命 ” 主题 教育 集中 学习 专题 讲座 新集 公司 “ 不忘 初 心 、 牢记 使命 ” 主题 教育 集中 学习 国投 煤炭 公司 “ 不忘 初 心 、 牢记 使命 ” 主题 教育 中心 组 （ 扩大 ） 学习会 中煤 蒙 大 公司 “ 不忘 初 心 、 牢记 使命 ” 主题 教育 中心 组 （ 扩大 ） 学习会 新疆 分公司 “ 不忘 初 心 、 牢记 使命 ” 主题 教育 集中 学习 中煤 资产 管理 公司 “ 不忘 初 心 、 牢记 使命 ” 主题 教育 集中 学习 同步 开展 调查 研究 6月 19日 至 20日 ， 	刘勇 	同志 围绕 矿井 掘进 提效 到 中煤 新集 公司 和 	淮南 矿业 集团 	调研 

王	黄陵煤电实业有限公司	黄陵 矿业 在 充分 调研 之后 ， 决定 对 	王 	军民 等 人 保留 原 身份 ， 以 劳务 派遣 的 方式 委派 他们 到 	黄陵煤 电 实业 有限 公司 	工作 

黄祥清	粤海控股集团	省 国资委 规划 发展 处 、 考核 分配处 相关 负责 同志 ， 广业 集团 副总经理 林建兴 、 	黄祥清 	， 广业 集团 、 建工 集团 、 	粤海 控股 集团 	相关 人员 参加 了 调研 

国家电网有限公司	李新建	10月 24日 ， 	国家 电网 有限 公司 	监察局 副局级 调研员 	李新建 	一行 对 公司 深入 开展 自查自纠 不断 提升 企业 治理 效能 工作 情况 进行 督导 检查 

张庆伟	生物工程有限公司	徐旭 摄 11日 上午 ， 	张庆伟 	到 哈药 集团 就 医药 产业 发展 进行 调研 ， 在 哈 药 总厂 ( 新 厂区 ) 和 	生物 工程 有限 公司 	， 了解 企业 发展 规划 、 生产 经营 、 产品 创新 等 情况 ， 要求 企业 加快 转变 观念 ， 加强 企业 文化 建设 ， 完善 现代 企业 制度 ， 把 精力 聚焦 到 发展 制药 主业 上 ， 做 强 优势 产品 ， 做大 产业 规模 ， 展现 “ 老 字号 ” 企业 新 活力 

郝鹏	兵器装备集团长安汽车全球研发中心	 	郝鹏 	来到 	兵器 装备 集团 长安 汽车 全球 研发 中心 	调研 新 产品 研发 情况 ， 观看 无人 驾驶 试验 等 ， 并 听取 企业 改革 发展 和 党的建设 情况 汇报 

中国建材集团	刘志江	国资委 秘书长 彭华岗 ， 浙江 省政府 副秘书长 高屹 ， 	中国 建材 集团 	党委 副书记 、 副董事长 	刘志江 	， 

郑剑戈	建工集团	汕头市 市长 	郑剑戈 	、 副市长 陈武南 ， 潮 南区 、 潮阳 区区 委 区政府 主要 领导 、 区 相关 部门 ， 省 国资委 规划 发展 处 、 考核 分配处 ， 	建工 集团 	、 广业 集团 、 粤海 集团 等 相关 单位 参加 调研 

郝鹏	中车集团	10月 13日 ， 国务院 国资委 主任 	郝鹏 	， 	中车 集团 	董事长 、 党委 书记 刘化龙 ， 前往 中车 位于 南非 比勒陀利亚 的 合资 工厂 考察 调研 ， 与 中车 员工 进行 座谈 

能源热力有限公司	高键	陈振亮 在 市 再生 	能源 热力 有限 公司 	调研 9月 28日 上午 ， 朔州 市委 副书记 、 市长 	高键 	就 2018-2019年 度 集中 供热 准备 情况 在 朔州市 再生 

郝鹏	中林·杭州千岛湖发展集团有限公司	6月 23日 ， 国务院 国有 资产 监督 管理 委员会 党委 书记 、 主任 	郝鹏 	， 在 中国 林业 集团 有限 公司 党委 书记 、 董事长 宋权礼 ， 总经理 林展等 的 陪同 下 专程 来到 	中林·杭州 千岛湖 发展 集团 有限 公司 	， 调研 企业 党建 、 “ 不忘 初 心 、 牢记 使命 ” 主题 教育 、 企业 生产 经营 管理 和 践行 “ 两 山 理论 ” 情况 

彭宇行	国机集团	四川省 副省长 	彭宇行 	， 	国机 集团 	总经理 、 党委 副书记 张晓仑 ， 德阳市 代 市长 何礼等 陪同 调研 

贾立克	中交集团	国资委 产权 管理局 局长 	贾立克 	、 国际 合作局 局长 殷长波 、 规划 发展局 副局长 孟华强 、 中广 核 办公厅 主任 胡光耀 、 铀业 公司 总经理 安军靖 、 斯科 公司 总经理 蔡于胜 、 	中 交 集团 	副总经理 王海怀 等 一同 参加 调研 和 座谈 

斯科公司	蔡于胜	国资委 产权 管理局 局长 贾立克 、 国际 合作局 局长 殷长波 、 规划 发展局 副局长 孟华强 、 中广 核 办公厅 主任 胡光耀 、 铀业 公司 总经理 安军靖 、 	斯科 公司 	总经理 	蔡于胜 	、 中 交 集团 副总经理 王海怀 等 一同 参加 调研 和 座谈 

胡顺彬	建工集团	1月 18日 ， 省 国资委 副主任 王晓昀 到 粤 水电 承建 的 粤东 区域 重点 工程 练 江 流域 环保 整治 工程 项目 调研 ， 潮 南区 区委 常委 、 常务 副区长 王楚彬 、 总 承包 事业部 副总经理 	胡顺彬 	、 粤海 水 务 集团 总经理 谭奇峰 、 	建工 集团 	副总经理 黄瑛鹏 、 粤 水电 副总经理 王伟导 、 副总工程师 、 工程 管理部 经理 石爱军 及 工程 建设 公司 粤东 区域 重点 工程 项目 部 相关 人员 参加 调研 

炼化公司	李军	6月 12日 ， 根据 第十七 次 陕北 高端 能源 化工 基地 建设 座谈会 会议 议程 安排 ， 陕西省 副省长 方光华 、 延安市 市长 薛占海 ， 调研 延长 石油 	炼化 公司 	延长 油田 伴生气 资源 利用 项目 建设 情况 ， 延长县 相关 领导 ， 延长 石油 集团 公司 总 工程师 扈广法 ， 	李军 	 

翁杰明	中核集团	 	翁杰明 	到 青海省 海北 州 我国 第一 个 核武器 研制 基地 调研 ， 参观 了 原 221 厂 地下 指挥部 中心 、 原子城 纪念馆 ， 听取 了 	中核 集团 	有关 工作 情况 汇报 

刘凯	四川省企业家协会	全国 工商联 副主席 、 四川省 政协 副主席 、 省 工商联 主席 陈放 先生 ， 中国 会展 经济 研究会 会长 袁再清 先生 ， 四川省 国资委 党委 委员 、 副主任 秦明 先生 ， 四川省 知识 产权局 副局长 杨早林 先生 ， 四川省 工商 行政 管理局 商标 分局 局长 周广平 先生 ， 四川省 发展 和 改革 委员会 调研员 张亚敏 女士 ， 四川省 经济 和 信息化 委员会 副 调研员 	刘凯 	先生 ， 省企联 特邀 副 会长 、 省政协 原 常委 、 省 农业厅 原 常务 副厅长 傅志康 先生 ， 省企联 特邀 副 会长 、 省政府 原 副秘书长 张晋川 先生 ， 省企联 顾问 、 省人大 常委会 法制 工作 委员会 原 主任 杨文 先生 ， 省企联 顾问 、 省 国 安厅 原 常务 副厅长 马方 元 先生 ， 省企联 顾问 、 省 国资委 原 副主任 李继郁 先生 ， 四川省 企业 联合会 、 	四川省 企业家 协会 	副会长 兼 秘书长 梁勤 先生 ， 四川省 质量 协会 驻 会 副会长 罗召贵 先生 等 领导 及 相关 政府 部门 负责人 出席 大会 

中国水环境集团	韩	封面 故事 “ 	中国 水 环境 集团 	就 像 一 个 漂亮 的 女子 最大 的 困难 就 是 追求 的 人 太 多 ” 2018年 12月 国投 成功 并购 	韩 	 

丁正锋	省建设集团有限公司	省 国资委 规划 发展 改革 处 	丁正锋 	、 政策 法规 与 公司 治理 处 王恒 、 财务 监管 与 考核 分配处 丁小琳 ， 	省 建设 集团 有限 公司 	唐群杰 、 省 建设 项目 规划 设计 研究院 夏勇 开 一同 参与 了 调研 

郝鹏	大众公司	 	郝鹏 	首先 来到 中国 一汽 ， 深入 企业 展馆 、 红旗 工厂 、 一汽 - 	大众 公司 	、 电子 实验室 、 研发 总院 等 调研 ， 认真 听取 企业 艰苦 奋斗 的 创业史 及 改革 发展 最新 进展 ， 深入 党建 活动室 了解 企业 党建 工作 成效 ， 调研 新 产品 及 研发 创新 体系 ， 体验 自动 驾驶 汽车 ， 对 企业 大刀阔斧 抓 改革 、 再 创业 的 干劲 激情 给予 充分 肯定 

周铁根	常青生物科技有限公司	调研 期间 ， 	周铁根 	先后 来到 	常青 生物 科技 有限 公司 	和 天 勤 彩色 包装 有限 公司 ， 详细 了解 企业 的 生产 经营 和 改革 发展 等 情况 ， 勉励 企业 要 进一步 解放 思想 、 改革 创新 ， 聚焦 市场 需求 、 提高 产品 质量 、 加快 产业 升级 ， 不断 推动 企业 做大做强 ， 并 叮嘱 当地 有关 部门 落实 政策 、 做好 服务 ， 切实 帮助 企业 解决 各 类 难题 ， 全力以赴 支持 民营 经济 发展 

张秀兰	水利投资集团有限公司	本报讯 （ 首席 记者 颜宏幸 ） 为 加快 推进 州 属 国有 企业 改革 ， 推动 国有 资产 资源 高效 整合 重组 ， 6月 14日 ， 州委 书记 童志云 ， 州委 副书记 、 州长 	张秀兰 	深入 州 交通 投资 建设 集团 有限 公司 、 	水利 投资 集团 有限 公司 	、 城乡 开发 投资 有限 公司 、 土地 开发 投资 有限 公司 进行 专题 调研 ， 并 召开 座谈会 ， 分析 当前 全州 国有 企业 改革 推进 中 存在 的 困难 和 问题 ， 对 深化 州 属 国有 企业 改革 工作 进行 再 安排 、 再 部署 

西安环球印务公司	许启政	参观 调研 西安 杨森 新 工厂 参观 调研 	西安 环球 印务 公司 	参观 调研 陕药 控股 派昂 医药 公司 3月 22日 现场 调研 后 ， 省 国资委 副主任 孙喜民 主持 召开 了 座谈会 ， 省 国资委 主任 任国 、 陕西 医药 协会 秘书长 丰雷 、 陕西 中医药 大学 副 校长 唐 志书 、 西安 国际 港务区 管委会 副主任 苏 国峰 、 安康市 国资委 主任 	许启政 	及 陕药 集团 领导 班子 全体 成员 参加 了 会议 

李锦	青岛双星集团	国企 改革 40 年 的 回顾 （ 4 、 5 ） 在 中央 决定 70 天 前 拿出 市场 经济 模型 	李锦 	今天 发表 对 国企 改革 40 年 回顾 《 “ 南巡 讲话 ” 之后 对 双星 集团 的 调研 》 第 4 、 5 小节 ， 重点 写 的 是 邓小平 “ 南巡 讲话 ” 到 十四 大 前在 	青岛 双星 集团 	调研 过程 

双星集团	邓小平	国企 改革 40 年 的 回顾 （ 4 、 5 ） 在 中央 决定 70 天 前 拿出 市场 经济 模型 李锦 今天 发表 对 国企 改革 40 年 回顾 《 “ 南巡 讲话 ” 之后 对 	双星 集团 	的 调研 》 第 4 、 5 小节 ， 重点 写 的 是 	邓小平 	“ 南巡 讲话 ” 到 十四 大 前 在 青岛 

曹海燕	河北建投集团	2月 21日 ， 由 河北省 国资委 党委 副书记 	曹海燕 	带队 ， 河 钢 集团 党委 副书记 李炳军 、 河北 建工 集团 党委 副书记 张庆虎 ， 河北省 国资委 党建处 、 改革 改组 处 ， 	河北 建 投 集团 	有关 人员 组成 的 调研组 来 公司 ， 就 公司 党建 工作 情况 进行 专题 调研 

万达影视集团	茂军	作为 一 部 中小 成本 电影 ， 	万 达 影视 集团 	总裁 兼万 达 电影 总裁 曾 	茂军 	表示 ， 电影 在 制作 、 宣传 、 发行 过程 中 全程 精准 把 控 ， 在 项目 开发 前期 调研 以往 青春片 数据 ， 找到 目标 观众 并 进行 剧本 开发 ， 在 宣发 阶段 ， 针对 25 岁 以下 女性 人群 和 暑期 档 的 学生 群体 ， 通过 提前 学生 场 看 片 、 针对性 点映 、 口碑 以 观众 真情实感 的 表达 为 切入 点 ， 成功 让 更 多 的 观众 走进 电影院 

杨文	四川省企业联合会	全国 工商联 副主席 、 四川省 政协 副主席 、 省 工商联 主席 陈放 先生 ， 中国 会展 经济 研究会 会长 袁再清 先生 ， 四川省 国资委 党委 委员 、 副主任 秦明 先生 ， 四川省 知识 产权局 副局长 杨早林 先生 ， 四川省 工商 行政 管理局 商标 分局 局长 周广平 先生 ， 四川省 发展 和 改革 委员会 调研员 张亚敏 女士 ， 四川省 经济 和 信息化 委员会 副 调研员 刘凯 先生 ， 省企联 特邀 副 会长 、 省政协 原 常委 、 省 农业厅 原 常务 副厅长 傅志康 先生 ， 省企联 特邀 副 会长 、 省政府 原 副秘书长 张晋川 先生 ， 省企联 顾问 、 省人大 常委会 法制 工作 委员会 原 主任 	杨文 	先生 ， 省企联 顾问 、 省 国 安厅 原 常务 副厅长 马方 元 先生 ， 省企联 顾问 、 省 国资委 原 副主任 李继郁 先生 ， 	四川省 企业 联合会 	、 四川省 企业家 协会 副会长 兼 秘书长 梁勤 先生 ， 四川省 质量 协会 驻 会 副会长 罗召贵 先生 等 领导 及 相关 政府 部门 负责人 出席 大会 

河北港口集团	孟	河北省 政府 新闻办 新闻 发布 处 调研员 袁金辉 下面 请 	河北 港口 集团 	 	孟 	书记 作 介绍 

秦明	四川省企业联合会	全国 工商联 副主席 、 四川省 政协 副主席 、 省 工商联 主席 陈放 先生 ， 中国 会展 经济 研究会 会长 袁再清 先生 ， 四川省 国资委 党委 委员 、 副主任 	秦明 	先生 ， 四川省 知识 产权局 副局长 杨早林 先生 ， 四川省 工商 行政 管理局 商标 分局 局长 周广平 先生 ， 四川省 发展 和 改革 委员会 调研员 张亚敏 女士 ， 四川省 经济 和 信息化 委员会 副 调研员 刘凯 先生 ， 省企联 特邀 副 会长 、 省政协 原 常委 、 省 农业厅 原 常务 副厅长 傅志康 先生 ， 省企联 特邀 副 会长 、 省政府 原 副秘书长 张晋川 先生 ， 省企联 顾问 、 省人大 常委会 法制 工作 委员会 原 主任 杨文 先生 ， 省企联 顾问 、 省 国 安厅 原 常务 副厅长 马方 元 先生 ， 省企联 顾问 、 省 国资委 原 副主任 李继郁 先生 ， 	四川省 企业 联合会 	、 四川省 企业家 协会 副会长 兼 秘书长 梁勤 先生 ， 四川省 质量 协会 驻 会 副会长 罗召贵 先生 等 领导 及 相关 政府 部门 负责人 出席 大会 

国机集团	何礼	四川省 副省长 彭宇行 ， 	国机 集团 	总经理 、 党委 副书记 张晓仑 ， 德阳市 代 市长 	何礼 	等 陪同 调研 

任洪斌	中国铝业集团有限公司	国务院 国资委 副主任 、 党委 委员 	任洪斌 	， 黑龙江省 副省长 沈莹 ， 	中国 铝业 集团 有限 公司 	党组 副书记 、 总经理 余德辉 ， 中国 商用 飞机 有限 责任 公司 董事长 、 党委 书记贺 东风 一同 调研 

张广智	陕西交通建设集团	7月 8日 ， 结合 “ 不 忘 初 心 、 牢记 使命 ” 主题 教育 ， 省委 常委 、 省委 组织部 部长 	张广智 	到 	陕西 交通 建设 集团 	就 进一步 加强 国企 党建 工作 进行 专题 调研 

中国建材集团	程志明	 	中国 建材 集团 	董事长 宋志平 ， 黑龙江省 领导 李海涛 、 王兆力 、 胡亚枫 、 	程志明 	， 黑龙江 省直 有关 部门 负责 同志 分别 参加 调研 

王雷	日照市盐业公司	1月 16日 ， 日照市 国资委 党委 副书记 、 调研员 	王雷 	， 副调研员 马德利到 	日照市 盐业 公司 	召集 会议 ， 通报 盐业 改革 进展 情况 ， 安排 部署 当前 有关 工作 

张广智	陕西交建集团	调研 中 ， 	张广智 	先后 来到 	陕西 交建 集团 	总部 、 西咸北 环 分公司 ， 了解 主题 教育 进展 、 党委 发挥 领导 核心 作用 、 基层 党 组织 建设 等 情况 ， 与 部分 党员 深入 交流 ， 听取 意见 建议 

郝鹏	天津医药集团金耀制剂园	九 、 	郝鹏 	强调 中央 企业 要 履行 职责 使命 推动 企业 高 质量 发展 事件 ： 7月 24日 ， 国资委 主任 	天津 医药 集团 金耀 制剂 园 	 

东航集团	近平	国资 动态 郝鹏 在 上海 调研 国有 企业 时 强调 ： 坚决 贯彻 党中央 决策 部署 更好 为 改革 发展 大局 服务 12月 1日 至 4 日 ， 国务院 国资委 党委 书记 郝鹏 赴 上海 调研 国企 国资 改革 发展 和 党 的 建设 情况 ， 并 先后 在 	东航 集团 	、 中国 远洋 海运 、 中国 宝武 、 中国 商飞 召开 座谈会 ， 强调 要 坚持 以 习 	近 平 	新时代 中国 特色 社会主义 思想 为 指导 ， 深入 贯彻 落实 习 

刘运	威海热电集团	为 深入 贯彻 全国 、 全 省 和 全 市 国企 党建 工作 会议 精神 ， 进一步 提升 国企 党建 工作 水平 ， 威海 市委 常委 、 组织 部长 	刘运 	同志 于 4月 20日 到 	威海 热电 集团 	进行 调研 ， 并 召开 威海 市属 国有 企业 党建 工作 座谈会 ， 交流 学习 党建 工作 做法 ， 对 进一步 深化 推动 市属 国有 企业 党建 工作 进行 安排 部署 

四川省企业联合会	梁勤	全国 工商联 副主席 、 四川省 政协 副主席 、 省 工商联 主席 陈放 先生 ， 中国 会展 经济 研究会 会长 袁再清 先生 ， 四川省 国资委 党委 委员 、 副主任 秦明 先生 ， 四川省 知识 产权局 副局长 杨早林 先生 ， 四川省 工商 行政 管理局 商标 分局 局长 周广平 先生 ， 四川省 发展 和 改革 委员会 调研员 张亚敏 女士 ， 四川省 经济 和 信息化 委员会 副 调研员 刘凯 先生 ， 省企联 特邀 副 会长 、 省政协 原 常委 、 省 农业厅 原 常务 副厅长 傅志康 先生 ， 省企联 特邀 副 会长 、 省政府 原 副秘书长 张晋川 先生 ， 省企联 顾问 、 省人大 常委会 法制 工作 委员会 原 主任 杨文 先生 ， 省企联 顾问 、 省 国 安厅 原 常务 副厅长 马方 元 先生 ， 省企联 顾问 、 省 国资委 原 副主任 李继郁 先生 ， 	四川省 企业 联合会 	、 四川省 企业家 协会 副会长 兼 秘书长 	梁勤 	先生 ， 四川省 质量 协会 驻 会 副会长 罗召贵 先生 等 领导 及 相关 政府 部门 负责人 出席 大会 

中唱集团公司	樊国宾	 	中唱 集团 公司 	董事长 房成义 、 总经理 	樊国宾 	等 班子 成员 陪同 调研 

时任集团纪委	张宝文	 	时任 集团 纪委 	副书记 后任 诚通 资产 党委 书记 、 总经理 的 	张宝文 	带领 集团 资产部 、 党办 和 资产 公司 相关 人员 ， 先后 五次 前往 荆门 听取 市委 、 市政府 和 职工 代表 意见 ， 实地 调研 、 核查 ， 探求 解决 方案 

华东公司	马建军	在 采访 调研 期间 ， 中国 铁建 地产 集团 副总经理 、 	华东 公司 	执行 董事 	马建军 	接受 了 中国 网 财经 等 媒体 记者 的 采访 

内蒙古诚裕信工程项目管理有限公司	雷军	神华 乌海 能源 有限 责任 公司 工程 管理部 经理 苏全喜 、 	内蒙古 诚裕 信 工程 项目 管理 有限 公司 	董事长 庞有国 、 副总经理 	雷军 	受邀 参加 调研 

安军靖	斯科公司	国资委 产权 管理局 局长 贾立克 、 国际 合作局 局长 殷长波 、 规划 发展局 副局长 孟华强 、 中广 核 办公厅 主任 胡光耀 、 铀业 公司 总经理 	安军靖 	、 	斯科 公司 	总经理 蔡于胜 、 中 交 集团 副总经理 王海怀 等 一同 参加 调研 和 座谈 

内蒙古多蒙德实业集团	石磊	全国 政协 委员 、 	内蒙古 多 蒙 德 实业 集团 	董事长 	石磊 	建议 ， 政府 应 经常 性地 组织 民营 企业家 召开 座谈会 ， 或 通过 考察 、 调研 ， 深度 掌握 企业 实际 情况 ， 这样 制定 出来 的 政策 才 能 更 对路 

刘化龙	中车株机公司	中国 驻 南非 大使馆 商务 参赞 赵中屹 ， 中国 中车 董事长 、 党委 书记 	刘化龙 	， 	中车 株机 公司 	董事长 、 党委 书记 周清 和 等 陪同 调研 

李锦	双星集团	当年 ， 	李锦 	去 到了 青岛 的 	双星 集团 	进行 42 天 的 蹲点 调研 ， 对 国有 企业 如何 实践 市场 经济 进行 了 探索 

彭华岗	中国建材集团	国资委 秘书长 	彭华岗 	， 浙江 省政府 副秘书长 高屹 ， 	中国 建材 集团 	党委 副书记 、 副董事长 刘志江 ， 

林展	中林·杭州千岛湖发展集团有限公司	6月 23日 ， 国务院 国有 资产 监督 管理 委员会 党委 书记 、 主任 郝鹏 ， 在 中国 林业 集团 有限 公司 党委 书记 、 董事长 宋权礼 ， 总经理 	林展 	等的 陪同 下 专程 来到 	中林·杭州 千岛湖 发展 集团 有限 公司 	， 调研 企业 党建 、 “ 不忘 初 心 、 牢记 使命 ” 主题 教育 、 企业 生产 经营 管理 和 践行 “ 两 山 理论 ” 情况 

王楚彬	建工集团	1月 18日 ， 省 国资委 副主任 王晓昀 到 粤 水电 承建 的 粤东 区域 重点 工程 练 江 流域 环保 整治 工程 项目 调研 ， 潮 南区 区委 常委 、 常务 副区长 	王楚彬 	、 总 承包 事业部 副总经理 胡顺彬 、 粤海 水 务 集团 总经理 谭奇峰 、 	建工 集团 	副总经理 黄瑛鹏 、 粤 水电 副总经理 王伟导 、 副总工程师 、 工程 管理部 经理 石爱军 及 工程 建设 公司 粤东 区域 重点 工程 项目 部 相关 人员 参加 调研 

张亚敏	四川省企业联合会	全国 工商联 副主席 、 四川省 政协 副主席 、 省 工商联 主席 陈放 先生 ， 中国 会展 经济 研究会 会长 袁再清 先生 ， 四川省 国资委 党委 委员 、 副主任 秦明 先生 ， 四川省 知识 产权局 副局长 杨早林 先生 ， 四川省 工商 行政 管理局 商标 分局 局长 周广平 先生 ， 四川省 发展 和 改革 委员会 调研员 	张亚敏 	女士 ， 四川省 经济 和 信息化 委员会 副 调研员 刘凯 先生 ， 省企联 特邀 副 会长 、 省政协 原 常委 、 省 农业厅 原 常务 副厅长 傅志康 先生 ， 省企联 特邀 副 会长 、 省政府 原 副秘书长 张晋川 先生 ， 省企联 顾问 、 省人大 常委会 法制 工作 委员会 原 主任 杨文 先生 ， 省企联 顾问 、 省 国 安厅 原 常务 副厅长 马方 元 先生 ， 省企联 顾问 、 省 国资委 原 副主任 李继郁 先生 ， 	四川省 企业 联合会 	、 四川省 企业家 协会 副会长 兼 秘书长 梁勤 先生 ， 四川省 质量 协会 驻 会 副会长 罗召贵 先生 等 领导 及 相关 政府 部门 负责人 出席 大会 

中国黄金集团有限公司	刘冰	 	中国 黄金 集团 有限 公司 	董事 、 总经理 、 党委 副书记 	刘冰 	， 中国 黄金 党委 委员 、 副总经理 杨奇 陪同 调研 

李养民	南航集团	参加 调研 的 	李养民 	还 在 参观 过程 中 ， 与 	南航 集团 	董事长 、 党组 书记 王昌顺 等 领导 就 主 基地 航空 公司 在 大兴 机场 的 有关 工作 进行 了 交流 和 经验 分享 

罗平	中国建材集团	国务院 国资委 改革 办 巡视员 尹义省 、 改革 局 副局长 林庆苗 、 国资委 改革 办 央企 组 处长 李鹏飞 ， 合肥市 领导 宁波 、 	罗平 	， 	中国 建材 集团 	副董事长 李新华 、 副总经理 常 张 利 、 董事会 秘书 、 总经理 助理 光照宇 ， 中国 建材 总院 副院长 、 总会计师 赵延敏 ， 合肥 院 党委 书记 周云峰 、 院长 朱兵 等 相关 领导 参加 了 调研 

张斌	鲁商集团银座高新店	12月 19日 ， 省 国资委 党委 书记 、 主任 	张斌 	深入 基层 党建 联系点 —— 	鲁商 集团 银座 高新店 	调研 指导 工作 ， 并 参加 高 新店 党支部 主题 党 日 活动 

翁杰明	中国建材集团	 	翁杰明 	到 	中国 建材 集团 	调研 指导 工作 来源 ： CNBM 发布 时间 ： 12月 13日 ， 国务院 国资委 副主任 

斯科公司	王海怀	国资委 产权 管理局 局长 贾立克 、 国际 合作局 局长 殷长波 、 规划 发展局 副局长 孟华强 、 中广 核 办公厅 主任 胡光耀 、 铀业 公司 总经理 安军靖 、 	斯科 公司 	总经理 蔡于胜 、 中 交 集团 副总经理 	王海怀 	等一同 参加 调研 和 座谈 

李成	建工集团	为 认真 落实 省委 省政府 关于 打好 污染 防治 攻坚战 的 要求 ， 近日 ， 省 国资委 主任 、 党委 书记 	李成 	， 副主任 、 党委 委员 黄敦新 等 一行 调研 广业 集团 、 	建工 集团 	、 粤海 控股 集团 在 揭阳 、 汕头 地区 的 环保 基础 设施 建设 情况 ， 重点 调研 了 广业 集团 普宁 垃圾 焚烧 发电 项目 、 练 江 流域 整治 环保 工程 项目 

楼阳生	焦煤集团	2017年 2月 ， 春节 后 上班 第一 天 ， 山西 省委 书记 骆惠宁 、 省长 	楼阳生 	分赴 晋城 和 	焦煤 集团 	就 推进 国企 国资 改革 进行 专题 调研 并 提出 具体 要求 ， 这 事实上 扣动 了 山西 国企 国资 改革 的 发令枪 

中国有色集团党委	梁博益	国务院 国资委 办公厅 有关 同志 ， 	中国 有色 集团 党委 	副书记 、 工会 主席 董长清 ， 纪委 书记 张贞民 ， 总经理 助理 	梁博益 	及 总部 各 部门 、 相关 出资 企业 负责 同志 参加 调研 

西蒙·伊勒玛	中土公司	访 尼 期间 ， 代表团 会见 了 尼 预算 规划部 国际 合作 司 副司长 	西蒙·伊勒玛 	、 外交 与 国际 贸易部 经济 事务 高级 经济学家 贾奈特·切坡科 里尔 ， 与 尼 中国 研究 中心 智库 学者 、 8 家 中资 企业 代表 座谈 交流 ， 介绍 国务院 参事室 的 职能 及 国务院 参事 咨询 国是 等 情况 ， 并 赴 中 地 海外 集团 在 尼 的 农业园 、 	中土 公司 	承建 的 阿布贾 城市 轻轨 铁路 、 航站楼 进行 实地 调研 和 考察 ， 了解 中国 企业 在 尼 进行 农业 合作 和 基础 设施 建设 等 情况 

中国建材集团党委	刘志江	国资委 秘书长 彭华岗 ， 浙江 省政府 副秘书长 高屹 ， 	中国 建材 集团 党委 	副书记 、 副董事长 	刘志江 	， 中国 建材 集团 总经理 、 中国 巨石 董事长 曹江林 ， 中国 建材 集团 副总经理 常 张 利 ， 中国 建材 集团 董事会 秘书 、 总经理 助理 光照宇 ， 中国 建材 股份 副总裁 蔡国斌 等 陪同 调研 
 

中国铁道建筑有限公司党委	庄尚	 	中国 铁道 建筑 有限 公司 党委 	书记 、 董事长 陈奋健 主持 调研 会 ， 总裁 、 执行 董事 、 党委 副书记 	庄尚 	标作 专题 汇报 

中国商用飞机有限责任公司	贺东风	国务院 国资委 副主任 、 党委 委员 任洪斌 ， 黑龙江省 副省长 沈莹 ， 中国 铝业 集团 有限 公司 党组 副书记 、 总经理 余德辉 ， 	中国 商用 飞机 有限 责任 公司 	董事长 、 党委 书记 	贺东风 	一同 调研 

郝鹏	东北轻合金有限责任公司	本报讯 2月 17日 ， 国务院 国资委 主任 、 党委 副书记 	郝鹏 	在 	东北 轻 合金 有限 责任 公司 	考察 调研 时 强调 ， 要 深入 学习 贯彻 习近平 新 时代 中国 特色 社会主义 思想 和 习近平 总书记 视察 黑龙江 时 的 重要 讲话 精神 ， 再接再厉 ， 乘势而上 ， 奋力 开创 东轻 高 质量 发展 新 局面 

陈武南	建工集团	汕头市 市长 郑剑戈 、 副市长 	陈武南 	， 潮 南区 、 潮阳 区区 委 区政府 主要 领导 、 区 相关 部门 ， 省 国资委 规划 发展 处 、 考核 分配处 ， 	建工 集团 	、 广业 集团 、 粤海 集团 等 相关 单位 参加 调研 


郝鹏	中钢南非公司	在 南 期间 ， 	郝鹏 	还 访问 了 南非 最 大 的 国有 企业 国家 电力 公司 （ Eskom ） ， 并 赴 中车 - Transnet 轨道 交通 装备 有限 公司 、 	中钢 南非 公司 	、 国家 能源 集团 龙源 南非 可 再生 能源 有限 公司 等 中央 企业 驻 南 机构 实地 调研 ， 了解 国际化 经营 情况 和 改革 发展 党建 工作 

中国新兴建设开发有限责任公司	李栋	会议 由 建委 科技处 调研员 徐东林 主持 ， 中国 建筑 科学 研究院 顾问 副总工程师 赵 基达 ， 华夏 建宇 （ 北京 ） 混凝土 技术 研究院 院长 路 来 军 ， 中国 建筑 标准 设计 研究院 钢结构 所 所长 王喆 ， 	中国 新兴 建设 开发 有限 责任 公司 	副总工程师 	李栋 	， 建研 科技 股份 公司 高 性能 混凝土 研究 中心 主任 周永祥 等 审查 专家 出席 会议 

郭勇	铁投集团	省 国资委 党委 委员 、 副主任 任 兴文 ， 省 能 投 集团 党委 书记 、 董事长 	郭勇 	， 省 	铁 投 集团 	副总经理 熊启高 及 成都市 、 阿坝州 和 金川县 等 相关 领导 参加 调研 

翁杰明	中国宝武八钢公司	国资 动态 	翁杰明 	赴 新疆 督查 调研 国企 改革 工作 9月 17-19日 ， 国资委 副主任 、 党委 委员 	中国 宝 武 八 钢 公司 	 

李星强	轻纺集团	 	李星强 	在 调研 卓越 公司 、 江厦 公司 、 资产 管理 公司 时 强调 ， 	轻纺 集团 	要 围绕 “ 三 主 一 新 ” 的 产业 定位 着力 做好 发展 定位 ， 要 继续 推进 资产 的 分类 管理 和 资源 的 分类 整合 ， 要 在 整合 的 基础 上 做好 资本 的 合理 匹配 和 资源 的 有效 利用 ， 以 实现 企业 的 高质量 发展 ， 促进 国有 资产 保值 增值 

中国铝业集团有限公司	余德辉	国务院 国资委 副主任 、 党委 委员 任洪斌 ， 黑龙江省 副省长 沈莹 ， 	中国 铝业 集团 有限 公司 	党组 副书记 、 总经理 	余德辉 	， 中国 商用 飞机 有限 责任 公司 董事长 、 党委 书记贺 东风 一同 调研 

中核集团中国核动力研究设计院	余剑锋	11月 21日 ， 国务院 国资委 主任 、 党委 副书记 郝鹏赴 	中核 集团 中国 核动力 研究 设计院 	开展 专题 调研 ， 四川省 副省长 彭宇行 ， 中核 集团 党组 书记 、 董事长 	余剑锋 	陪同 调研 

骆惠宁	焦煤集团	2017年 2月 ， 春节 后 上班 第一 天 ， 山西 省委 书记 	骆惠宁 	、 省长 楼 阳 生分 赴 晋城 和 	焦煤 集团 	就 推进 国企 国资 改革 进行 专题 调研 并 提出 具体 要求 ， 这 事实上 扣动 了 山西 国企 国资 改革 的 发令枪 

刘勇	平朔工业公司	 	刘勇 	同志 到 新集 公司 、 淮南 矿业 集团 调研 赵荣哲 同志 到 西安 设计 公司 调研 	平朔 工业 公司 	围绕 拓展 外部 运输 市场 开展 调研 做好 沟通 协调 和 指导 推进 集团 公司 主题 教育 领导 小组 办公室 认真 做好 与 国资委 巡回 指导组 的 沟通 协调 ， 每周一 参加 国资委 巡回 指导组 联络员 会议 ， 每 周 三 报送 集团 公司 主题 教育 特点 亮点 工作 ， 及时 协调 巡回 指导组 参加 集团 公司 集中 学习 研讨 、 调查 研究 等 ， 构建 了 顺畅 的 工作 联系 机制 

郝鹏	国机集团所属国机重型装备集团股份有限公司	11月22日 ， 国务院 国资委 主任 	郝鹏 	到 	国机 集团 所 属国 机 重型 装备 集团 股份 有限 公司 	（ 以下 简称 “ 国机 重装 ” ） 、 中国 第二 重型 机械 集团 有限 公司 （ 以下 简称 “ 中国 二重 ” ） 调研 

燃气集团党委	毛永波	 	燃气 集团 党委 	委员 、 副总经理 蔡鑫磊 ， 总 法律 顾问 、 政策 法规处 处长 、 改革 办 主任 侯晓莉 ， 省 国资委 企业 改革 处 处长 薛恩华 、 人事处 副处长 王超峰 、 政策 法规处 调研员 	毛永波 	参加 会议 

翁杰明	青海桥头铝电公司	5月 14 至 15日 ， 国资委 副主任 	翁杰明 	到 中铝 集团 青海 分公司 和 其 管理 服务 的 	青海 桥头 铝 电 公司 	调研 ， 走访 一 线 车间 考察 生产 运营 ， 组织 座谈 会议 了解 改革 发展 情况 

朱从玖	中国建材集团	浙江省 副省长 	朱从玖 	， 	中国 建材 集团 	党委 书记 、 董事长 宋志平 陪同 调研 ， 中国 巨石 党委 书记 、 总裁 张毓强 热情 接待 并 汇报 工作 

胡光耀	中交集团	国资委 产权 管理局 局长 贾立克 、 国际 合作局 局长 殷长波 、 规划 发展局 副局长 孟华强 、 中广 核 办公厅 主任 	胡光耀 	、 铀业 公司 总经理 安军靖 、 斯科 公司 总经理 蔡于胜 、 	中 交 集团 	副总经理 王海怀 等 一同 参加 调研 和 座谈 

殷长波	中交集团	国资委 产权 管理局 局长 贾立克 、 国际 合作局 局长 	殷长波 	、 规划 发展局 副局长 孟华强 、 中广 核 办公厅 主任 胡光耀 、 铀业 公司 总经理 安军靖 、 斯科 公司 总经理 蔡于胜 、 	中 交 集团 	副总经理 王海怀 等 一同 参加 调研 和 座谈 

中国建材集团党委	常	国资委 秘书长 彭华岗 ， 浙江 省政府 副秘书长 高屹 ， 	中国 建材 集团 党委 	副书记 、 副董事长 刘志江 ， 中国 建材 集团 总经理 、 中国 巨石 董事长 曹江林 ， 中国 建材 集团 副总经理 	常 	张利 ， 中国 建材 集团 董事会 秘书 、 总经理 助理 光照宇 ， 中国 建材 股份 副总裁 蔡国斌 等 陪同 调研 

交通集团	王晓昀	省 国资委 财务 与 金融 创新 管理处 ， 省 	交通 集团 	党群 工作部 ， 省 公路 建设 有限 公司 相关 负责人 陪同 参加 10月 9日 上午 ， 省 国资委 副主任 、 党委 委员 	王晓昀 	在 省 

徐东林	建研科技股份公司高性能混凝土研究中心	会议 由 建委 科技处 正 处级 调研员 	徐东林 	主持 ， 中国 建筑 科学 研究院 顾问 副总工程师 赵 基达 ， 华夏 建宇 （ 北京 ） 混凝土 技术 研究院 院长 路 来 军 ， 中国 建筑 标准 设计 研究院 钢结构 所 所长 王喆 ， 中国 新兴 建设 开发 有限 责任 公司 副总工程师 李栋 ， 	建 研 科技 股份 公司 高 性能 混凝土 研究 中心 	主任 周永祥 等 审查 专家 出席 会议 

在中	太原贵金属公司	张宏永 副主任 	在 中 	海油 	太原 贵 金属 公司 	入 企 服务 时 ， 及时 向 企业 传达 了 省委 省政府 有关 文件 精神 ， 对 产品 生产线 及 新 搬迁 厂区 进行 调研 检查 ， 要求 对 薄弱 环节 、 关键 岗位 进行 自查 ， 认真 梳理 风险 点 ， 坚决 防范 化解 各 类 重大 风险 

袁再清	四川省企业联合会	全国 工商联 副主席 、 四川省 政协 副主席 、 省 工商联 主席 陈放 先生 ， 中国 会展 经济 研究会 会长 	袁再清 	先生 ， 四川省 国资委 党委 委员 、 副主任 秦明 先生 ， 四川省 知识 产权局 副局长 杨早林 先生 ， 四川省 工商 行政 管理局 商标 分局 局长 周广平 先生 ， 四川省 发展 和 改革 委员会 调研员 张亚敏 女士 ， 四川省 经济 和 信息化 委员会 副 调研员 刘凯 先生 ， 省企联 特邀 副 会长 、 省政协 原 常委 、 省 农业厅 原 常务 副厅长 傅志康 先生 ， 省企联 特邀 副 会长 、 省政府 原 副秘书长 张晋川 先生 ， 省企联 顾问 、 省人大 常委会 法制 工作 委员会 原 主任 杨文 先生 ， 省企联 顾问 、 省 国 安厅 原 常务 副厅长 马方 元 先生 ， 省企联 顾问 、 省 国资委 原 副主任 李继郁 先生 ， 	四川省 企业 联合会 	、 四川省 企业家 协会 副会长 兼 秘书长 梁勤 先生 ， 四川省 质量 协会 驻 会 副会长 罗召贵 先生 等 领导 及 相关 政府 部门 负责人 出席 大会 

翁杰明	中国黄金集团有限公司	3月 28日 ， 国务院 国资委 副主任 、 党委 委员 	翁杰明 	到 	中国 黄金 集团 有限 公司 	调研 所属 中国 黄金 集团 黄金 珠宝 股份 有限 公司 “ 双百 行动 ” 改革 试点 工作 

兖矿集团	梅德琪	 	兖矿 集团 	副 总经济师 	梅德琪 	陪同 调研 

王楚彬	粤海水务集团	1月 18日 ， 省 国资委 副主任 王晓昀 到 粤 水电 承建 的 粤东 区域 重点 工程 练 江 流域 环保 整治 工程 项目 调研 ， 潮 南区 区委 常委 、 常务 副区长 	王楚彬 	、 总 承包 事业部 副总经理 胡顺彬 、 	粤 海水 务 集团 	总经理 谭奇峰 、 建工 集团 副总经理 黄瑛鹏 、 粤 水电 副总经理 王伟导 、 副总工程师 、 工程 管理部 经理 石爱军 及 工程 建设 公司 粤东 区域 重点 工程 项目 部 相关 人员 参加 调研 

方光华	石油炼化公司	6月 12日 ， 根据 第十七 次 陕北 高端 能源 化工 基地 建设 座谈会 会议 议程 安排 ， 陕西省 副省长 	方光华 	、 延安市 市长 薛占海 ， 调研 延长 	石油 炼化 公司 	延长 油田 伴生气 资源 利用 项目 建设 情况 ， 延长县 相关 领导 ， 延长 石油 集团 公司 总 工程师 扈广法 ， 炼化 公司 总经理 李军 ， 总 工程师 张浩文 等 领导 陪同 调研 

刘勇	新集公司	 	刘勇 	同志 到 	新集 公司 	、 淮南 矿业 集团 调研 赵荣哲 同志 到 西安 设计 公司 调研 平朔 工业 公司 围绕 拓展 外部 运输 市场 开展 调研 做好 沟通 协调 和 指导 推进 集团 公司 主题 教育 领导 小组 办公室 认真 做好 与 国资委 巡回 指导组 的 沟通 协调 ， 每周一 参加 国资委 巡回 指导组 联络员 会议 ， 每 周 三 报送 集团 公司 主题 教育 特点 亮点 工作 ， 及时 协调 巡回 指导组 参加 集团 公司 集中 学习 研讨 、 调查 研究 等 ， 构建 了 顺畅 的 工作 联系 机制 

黄宗超	九牛汽车股份有限公司	9月 18日 ， 随州 市政府 国资委 副 调研员 、 招商 分局 副局长 刘钢 会同 随 县 县委 常委 、 统战部 部长 	黄宗超 	， 随 县 招商局 副局长 江明 等 赴 江西省 萍乡市 芦溪县 考察 	九 牛 汽车 股份 有限 公司 	， 宣传 推介 随州 ， 洽谈 合作 事宜 

开城工业园区企业协会	申汉龙	此外 ， 	开城 工业 园区 企业 协会 	会长 	申汉龙 	和 韩国 铁道 公社 、 韩国 观光 公社 等 朝韩 合作 项目 相关 企业 代表 也 随同 出访 ， 意味 着 开城 工业 园区 、 朝 韩 跨境 铁路 与 跨境 旅游 等 项目 有望 实现 突破 

大洋集团	保利	相关 概念股 有 ： 阳光 能源 ( 00757 ) , 	大洋 集团 	( 01991 ) , 	保利 	协鑫 能源 ( 03800 

李继郁	四川省企业联合会	全国 工商联 副主席 、 四川省 政协 副主席 、 省 工商联 主席 陈放 先生 ， 中国 会展 经济 研究会 会长 袁再清 先生 ， 四川省 国资委 党委 委员 、 副主任 秦明 先生 ， 四川省 知识 产权局 副局长 杨早林 先生 ， 四川省 工商 行政 管理局 商标 分局 局长 周广平 先生 ， 四川省 发展 和 改革 委员会 调研员 张亚敏 女士 ， 四川省 经济 和 信息化 委员会 副 调研员 刘凯 先生 ， 省企联 特邀 副 会长 、 省政协 原 常委 、 省 农业厅 原 常务 副厅长 傅志康 先生 ， 省企联 特邀 副 会长 、 省政府 原 副秘书长 张晋川 先生 ， 省企联 顾问 、 省人大 常委会 法制 工作 委员会 原 主任 杨文 先生 ， 省企联 顾问 、 省 国 安厅 原 常务 副厅长 马方 元 先生 ， 省企联 顾问 、 省 国资委 原 副主任 	李继郁 	先生 ， 	四川省 企业 联合会 	、 四川省 企业家 协会 副会长 兼 秘书长 梁勤 先生 ， 四川省 质量 协会 驻 会 副会长 罗召贵 先生 等 领导 及 相关 政府 部门 负责人 出席 大会 

翁杰明	上海国际集团有限公司	在 上海 期间 ， 	翁杰明 	还 调研 了 上海 老凤祥 股份 有限 公司 和 	上海 国际 集团 有限 公司 	， 并 与 企业 主要 负责 同志 及 班子 成员 座谈 

中国建材集团	胡亚枫	 	中国 建材 集团 	董事长 宋志平 ， 黑龙江省 领导 李海涛 、 王兆力 、 	胡亚枫 	、 程志明 ， 黑龙江 省直 有关 部门 负责 同志 分别 参加 调研 

中国建材集团	王兆力	 	中国 建材 集团 	董事长 宋志平 ， 黑龙江省 领导 李海涛 、 	王兆力 	、 胡亚枫 、 程志明 ， 黑龙江 省直 有关 部门 负责 同志 分别 参加 调研 

川航集团	李海鹰	 	川航 集团 	党委 书记 、 董事长 	李海鹰 	， 省 国资委 副主任 薛东兵 ， 

翁杰	新兴际华集团	国资委 主任 郝鹏 主任 在 博鳌 亚洲 论坛 期 提到 ， 央企 投资 运营 公司 试点 单位 上报 方案 很快 就 会 批复 ， 4月 17日 ， 国资委 副主任 	翁杰 	明到 第三 批 国有 资本 投资 、 运营 试点 企业 —— 	新兴 际华 集团 	调研 

郝鹏	中国林业集团有限公司党委	6月 23日 ， 国务院 国有 资产 监督 管理 委员会 党委 书记 、 主任 	郝鹏 	， 在 	中国 林业 集团 有限 公司 党委 	书记 、 董事长 宋权礼 ， 总经理 林展等 的 陪同 下 专程 来到 中林·杭州 千岛湖 发展 集团 有限 公司 ， 调研 企业 党建 、 “ 不忘 初 心 、 牢记 使命 ” 主题 教育 、 企业 生产 经营 管理 和 践行 “ 两 山 理论 ” 情况 

轻纺集团	谢英明	 	轻纺 集团 	党委 书记 、 董事长 	谢 英明 	， 党委 副书记 、 总经理 余刚 、 党委 委员 、 副总经理 徐阳 参加 调研 活动 

张美诚	省高速公路集团有限公司党委	省 国资委 党委 委员 、 副主任 	张美诚 	， 省 交通厅 党组 成员 、 副 厅长 曾 胜 ， 	省 高速 公路 集团 有限 公司 党委 	副书记 、 董事长 谢立新 参加 调研 

阮征   中建集团		5月 17日 ， 	中建 集团 	党组 成员 、 副总经理 、 中建 股份 副总裁 马泽平 ， 国家 发改委 体改司 宏观 处 副处长 	阮征 	一行 到 集团 开展 国企 混合 所有制 调研 指导 

张庆伟	中国建材集团	调研 过程 中 ， 	张庆伟 	与 	中国 建材 集团 	、 中国 航天 科工 三 院 和 驻 省 央企 有关 负责 同志 座谈 交流 ， 对 企业 多 年 来 取得 的 发展 成效 和 作出 的 贡献 给予 肯定 

叶秀佑	广业集团	10月 15日 ， 省纪委 省 监委 驻省 国资委 纪检 监察组 组长 、 省 国资委 党委 委员 	叶秀佑 	带队 到 	广业 集团 	调研 企业 党风 廉政 建设 、 落实 全面 从严 治党 工作 
 

王善平	文化旅游发展集团有限公司	 	王善平 	先后 前往 市 	文化 旅游 发展 集团 有限 公司 	、 市 城市 建设 投资 有限 公司 、 市鑫园 融资 担保 有限 公司 等 地 调研 企业 运营 情况 ， 并 召开 国资 国企 改革 发展 工作 座谈会 ， 听取 市 国资委 、 市属 国有 企业 就 全 市 国资 国企 改革 发展 、 川 陕 革命 老区 振兴 发展 基金 运行 情况 汇报 

方光华	炼化公司	6月 12日 ， 根据 第十七 次 陕北 高端 能源 化工 基地 建设 座谈会 会议 议程 安排 ， 陕西省 副省长 	方光华 	、 延安市 市长 薛占海 ， 调研 延长 石油 	炼化 公司 	延长 油田 伴生气 资源 利用 项目 建设 情况 ， 延长县 相关 领导 ， 延长 石油 集团 公司 总 工程师 扈广法 ， 

再生能源热力有限公司	杨东峰	高键 在 市 	再生 能源 热力 有限 公司 	调研 10月 8日 上午 ， 朔州市 住建局 党组 书记 、 局长 	杨东峰 	一行 深入市 

建工集团	王伟导	1月 18日 ， 省 国资委 副主任 王晓昀 到 粤 水电 承建 的 粤东 区域 重点 工程 练 江 流域 环保 整治 工程 项目 调研 ， 潮 南区 区委 常委 、 常务 副区长 王楚彬 、 总 承包 事业部 副总经理 胡顺彬 、 粤海 水 务 集团 总经理 谭奇峰 、 	建工 集团 	副总经理 黄瑛鹏 、 粤 水电 副总经理 	王伟导 	、 副总工程师 、 工程 管理部 经理 石爱军 及 工程 建设 公司 粤东 区域 重点 工程 项目 部 相关 人员 参加 调研 

翁杰明	中国黄金集团中金珠宝股份有限公司	3月 28日 ， 国务院 国有 企业 改革 领导 小组 办公室 副主任 、 国务院 国资委 副主任 	翁杰明 	赴 	中国 黄金 集团 中金 珠宝 股份 有限 公司 	和 北新 集团 建材 股份 有限 公司 两 家 “ 双百 企业 ” 进行 调研 ， 先后 参观 了 中国 黄金 旗舰店 、 北 新 建材 未来 建筑 馆 等 ， 并与 有关 企业 进行 了 座谈 交流 

郝鹏	航空工业集团哈飞公司	 	郝鹏 	到 	航空 工业 集团 哈飞 公司 	, 调研 了 铆接 车间 、 总装 车间 、 哈飞 通用 、 试飞 站 

托马斯·皮苏拉	中国银行（卢森堡）有限公司波兰分行	会见 波兰 投资 贸易局 局长 	托马斯·皮苏拉 	（ 右 二 ） 同 	中国 银行 （ 卢森堡 ） 有限 公司 波兰 分行 	座谈 代表团 在 出访 期间 还 拜会 了 我 驻 俄罗斯 大使 李辉 和 驻 波兰 大使 徐坚 

贾立克	铀业公司	国资委 产权 管理局 局长 	贾立克 	、 国际 合作局 局长 殷长波 、 规划 发展局 副局长 孟华强 、 中广 核 办公厅 主任 胡光耀 、 	铀业 公司 	总经理 安军靖 、 斯科 公司 总经理 蔡于胜 、 中 交 集团 副总经理 王海怀 等 一同 参加 调研 和 座谈 

中铝集团人力资源部	万红岩	注 ： 本文 素材 由 计划 经营部 提供 中铝 集团 人 资部 来 公司 调研 指导 10月 28日 ， 	中铝 集团 人力 资源部 	副主任 	万 红岩 	一行 三 人 到 中州 铝业 调研 指导 工作 和 开展 支部 共建 活动 ， 并 将 规范 劳务 派遣 用工 列入 支部 “ 两 带 两 创 ” 课题 ， 结合 中州 铝业 劳务 派遣 用工 现状 ， 指导 帮助 完善 整改 方案 ， 规范 整改 措施 ， 提高 整改 效果 


王喆	中国新兴建设开发有限责任公司	会议 由 建委 科技处 正 处级 调研员 徐东林 主持 ， 中国 建筑 科学 研究院 顾问 副总工程师 赵 基达 ， 华夏 建宇 （ 北京 ） 混凝土 技术 研究院 院长 路 来 军 ， 中国 建筑 标准 设计 研究院 钢结构 所 所长 	王喆 	， 	中国 新兴 建设 开发 有限 责任 公司 	副总工程师 李栋 ， 建研 科技 股份 公司 高 性能 混凝土 研究 中心 主任 周永祥 等 审查 专家 出席 会议 

杨振斌	哈电集团	【 国 经 资讯 】 吉林 大学 党委 书记 	杨振斌 	一行 赴 	哈 电 集团 	参观 调研 【 智库 专家 】 张喜亮 ： 三 大 民主 ： 国有 企业 管理 原则 的 伟大 创举 &mdash ; 

中国企业研究院	李锦	新华社 原 记者 、 	中国 企业 研究院 	首席 研究员 	李锦 	数十 年 来 一直 关注 国企 改革 、 并 曾 在 数十 家 国企 进行 过 走访 调研 ， 他 在 接受 《 中国 报道 》 记者 采访 时 表示 ： 始于 1978年 开始 的 改革 开放 ， 激活 了 个体户 和 私营 经济 等 经济 形态 ， 对 国有 经济 造成 了 极大 冲击 ， 农村 改革 全面 推开 ， 大张旗鼓 搞 家庭 联产 承包 责任制 ， 城市 里 出现 个体户 承包 饭店 开小 商店 等 现象 ， 但 由于 改革 时机 不 成熟 ， 国企 基本上 是 一 片 冻土 

粤海水务集团	石爱军	1月 18日 ， 省 国资委 副主任 王晓昀 到 粤 水电 承建 的 粤东 区域 重点 工程 练 江 流域 环保 整治 工程 项目 调研 ， 潮 南区 区委 常委 、 常务 副区长 王楚彬 、 总 承包 事业部 副总经理 胡顺彬 、 	粤 海水 务 集团 	总经理 谭奇峰 、 建工 集团 副总经理 黄瑛鹏 、 粤 水电 副总经理 王伟导 、 副总工程师 、 工程 管理部 经理 	石爱军 	及 工程 建设 公司 粤东 区域 重点 工程 项目 部 相关 人员 参加 调研 

中国铁道建筑有限公司党委	陈奋健	 	中国 铁道 建筑 有限 公司 党委 	书记 、 董事长 	陈奋健 	主持 调研 会 ， 总裁 、 执行 董事 、 党委 副书记 庄尚 标作 专题 汇报 

三峡集团	陆海新	 	三峡 集团 	： 积极 投身 “ 一 带 一 路 ” 建设 推动 国际 业务 高 质量 发展 时间 ： [ 2019-08-23 ] 信息 来源 : 中国 长江 	陆海 新 	 

孟华强	斯科公司	国资委 产权 管理局 局长 贾立克 、 国际 合作局 局长 殷长波 、 规划 发展局 副局长 	孟华强 	、 中广 核 办公厅 主任 胡光耀 、 铀业 公司 总经理 安军靖 、 	斯科 公司 	总经理 蔡于胜 、 中 交 集团 副总经理 王海怀 等 一同 参加 调研 和 座谈 

姚传江	西藏矿业日喀则扎布耶锂业高科技有限公司	会 后赵 家生 副会长 与 西藏 自治区 国资委 副主任 	姚传江 	等一行 赴 日喀则 对 	西藏 矿业 日喀则 扎布耶 锂业 高科技 有限 公司 	进行 调研 并 座谈 

建研科技股份公司高性能混凝土研究中心	周永祥	会议 由 建委 科技处 正 处级 调研员 徐东林 主持 ， 中国 建筑 科学 研究院 顾问 副总工程师 赵 基达 ， 华夏 建宇 （ 北京 ） 混凝土 技术 研究院 院长 路 来 军 ， 中国 建筑 标准 设计 研究院 钢结构 所 所长 王喆 ， 中国 新兴 建设 开发 有限 责任 公司 副总工程师 李栋 ， 	建 研 科技 股份 公司 高 性能 混凝土 研究 中心 	主任 	周永祥 	等 审查 专家 出席 会议 

中国新兴建设开发有限责任公司	李栋	会议 由 建委 科技处 正 处级 调研员 徐东林 主持 ， 中国 建筑 科学 研究院 顾问 副总工程师 赵 基达 ， 华夏 建宇 （ 北京 ） 混凝土 技术 研究院 院长 路 来 军 ， 中国 建筑 标准 设计 研究院 钢结构 所 所长 王喆 ， 	中国 新兴 建设 开发 有限 责任 公司 	副总工程师 	李栋 	， 建研 科技 股份 公司 高 性能 混凝土 研究 中心 主任 周永祥 等 审查 专家 出席 会议 

杨平	湖南省机场管理集团有限公司	11月 5日 ， 省 国资委 党委 委员 、 副主任 	杨平 	带队 到 	湖南省 机场 管理 集团 有限 公司 	（ 以下 简称 省 机场 集团 ） 调研 ， 督导 省 政府 专题 会议 纪要 （ 即 3月 24日 达哲 省长 主持 召开 省政府 专题 会议 ， 明确 省 机场 集团 薪酬 、 资产 由省 国资委 监管 ， 业务 工作 由 民航 系统 管理 ） 的 落实 情况 

王宁	中铝集团党组	福建 省委 副书记 、 福州 市委 书记 	王宁 	， 福建 省委 常委 、 常务 副省长 张志南 ， 国务院 国资委 秘书长 彭华岗 ， 	中铝 集团 党组 	副书记 、 总经理 余德辉 一同 调研 

燃气集团党委	王超峰	 	燃气 集团 党委 	委员 、 副总经理 蔡鑫磊 ， 总 法律 顾问 、 政策 法规处 处长 、 改革 办 主任 侯晓莉 ， 省 国资委 企业 改革 处 处长 薛恩华 、 人事处 副处长 	王超峰 	、 政策 法规处 调研员 毛永波 参加 会议 

翁杰明	北新集团建材股份有限公司	近日 ， 国务院 国有 企业 改革 领导 小组 办公室 副主任 、 国务院 国资委 副主任 	翁杰明 	赴 中国 黄金 集团 中金 珠宝 股份 有限 公司 和 	北新 集团 建材 股份 有限 公司 	两 家 “ 双百 企业 ” 进行 调研 ， 先后 参观 了 中国 黄金 旗舰店 、 北 新 建材 未来 建筑 馆 等 ， 并与 有关 企业 进行 了 座谈 交流 

招商局集团	王宏在	而 对于 此前 辽宁省 政府 与 	招商局 集团 	的 合作 ， 	王宏在 	 

川航集团	薛东兵	 	川航 集团 	党委 书记 、 董事长 李海鹰 ， 省 国资委 副主任 	薛东兵 	， 

中国铝业集团有限公司	贺东风	国务院 国资委 副主任 、 党委 委员 任洪斌 ， 黑龙江省 副省长 沈莹 ， 	中国 铝业 集团 有限 公司 	党组 副书记 、 总经理 余德辉 ， 中国 商用 飞机 有限 责任 公司 董事长 、 党委 书记 	贺东风 	一同 调研 

李成率	广业集团	12月 25日 下午 ， 省 国资委 主任 、 党委 书记 	李成率 	队到 	广业 集团 	调研 科技 创新 情况 ， 召开 座谈会 ， 听取 

南航集团	王昌顺	参加 调研 的 李养民 还 在 参观 过程 中 ， 与 	南航 集团 	董事长 、 党组 书记 	王昌顺 	等 领导 就 主 基地 航空 公司 在 大兴 机场 的 有关 工作 进行 了 交流 和 经验 分享 

建宇	建研科技股份公司高性能混凝土研究中心	会议 由 建委 科技处 正 处级 调研员 徐东林 主持 ， 中国 建筑 科学 研究院 顾问 副总工程师 赵 基达 ， 华夏 	建宇 	（ 北京 ） 混凝土 技术 研究院 院长 路 来 军 ， 中国 建筑 标准 设计 研究院 钢结构 所 所长 王喆 ， 中国 新兴 建设 开发 有限 责任 公司 副总工程师 李栋 ， 	建 研 科技 股份 公司 高 性能 混凝土 研究 中心 	主任 周永祥 等 审查 专家 出席 会议 

杨文	四川省企业家协会	全国 工商联 副主席 、 四川省 政协 副主席 、 省 工商联 主席 陈放 先生 ， 中国 会展 经济 研究会 会长 袁再清 先生 ， 四川省 国资委 党委 委员 、 副主任 秦明 先生 ， 四川省 知识 产权局 副局长 杨早林 先生 ， 四川省 工商 行政 管理局 商标 分局 局长 周广平 先生 ， 四川省 发展 和 改革 委员会 调研员 张亚敏 女士 ， 四川省 经济 和 信息化 委员会 副 调研员 刘凯 先生 ， 省企联 特邀 副 会长 、 省政协 原 常委 、 省 农业厅 原 常务 副厅长 傅志康 先生 ， 省企联 特邀 副 会长 、 省政府 原 副秘书长 张晋川 先生 ， 省企联 顾问 、 省人大 常委会 法制 工作 委员会 原 主任 	杨文 	先生 ， 省企联 顾问 、 省 国 安厅 原 常务 副厅长 马方 元 先生 ， 省企联 顾问 、 省 国资委 原 副主任 李继郁 先生 ， 四川省 企业 联合会 、 	四川省 企业家 协会 	副会长 兼 秘书长 梁勤 先生 ， 四川省 质量 协会 驻 会 副会长 罗召贵 先生 等 领导 及 相关 政府 部门 负责人 出席 大会 

李合义	开滦集团	省 国资委 副 巡视员 	李合义 	到 	开滦 集团 	调研 督导 安全 生产 和 信访 稳定 工作 文章 来源 ： 发布 时间 ： 2019/2/19:34:55 省 国资委 副 巡视员 

中国建材集团党委	蔡国斌	国资委 秘书长 彭华岗 ， 浙江 省政府 副秘书长 高屹 ， 	中国 建材 集团 党委 	副书记 、 副董事长 刘志江 ， 中国 建材 集团 总经理 、 中国 巨石 董事长 曹江林 ， 中国 建材 集团 副总经理 常 张 利 ， 中国 建材 集团 董事会 秘书 、 总经理 助理 光照宇 ， 中国 建材 股份 副总裁 	蔡国斌 	等 陪同 调研 

张晋川	四川省企业联合会	全国 工商联 副主席 、 四川省 政协 副主席 、 省 工商联 主席 陈放 先生 ， 中国 会展 经济 研究会 会长 袁再清 先生 ， 四川省 国资委 党委 委员 、 副主任 秦明 先生 ， 四川省 知识 产权局 副局长 杨早林 先生 ， 四川省 工商 行政 管理局 商标 分局 局长 周广平 先生 ， 四川省 发展 和 改革 委员会 调研员 张亚敏 女士 ， 四川省 经济 和 信息化 委员会 副 调研员 刘凯 先生 ， 省企联 特邀 副 会长 、 省政协 原 常委 、 省 农业厅 原 常务 副厅长 傅志康 先生 ， 省企联 特邀 副 会长 、 省政府 原 副秘书长 	张晋川 	先生 ， 省企联 顾问 、 省人大 常委会 法制 工作 委员会 原 主任 杨文 先生 ， 省企联 顾问 、 省 国 安厅 原 常务 副厅长 马方 元 先生 ， 省企联 顾问 、 省 国资委 原 副主任 李继郁 先生 ， 	四川省 企业 联合会 	、 四川省 企业家 协会 副会长 兼 秘书长 梁勤 先生 ， 四川省 质量 协会 驻 会 副会长 罗召贵 先生 等 领导 及 相关 政府 部门 负责人 出席 大会 

张海波	产投集团	7月 22日 至 24日 ， 市委 副书记 、 市长 	张海波 	到 市 	产 投 集团 	、 城 投 集团 、 文 旅 集团 调研 市属 国有 企业 改革 发展 工作 ， 与 企业 领导 班子 共同 探讨 改革 后 的 发展 路径 ， 要求 找准 定位 ， 突出 主业 ， 理清 思路 ， 整合 各 类 资源 ， 理顺 管理 机制 ， 推动 企业 做 强 做 优 做 精 ， 努力 在 加快 新旧 动能 转换 、 推动 精致 城市 建设 上 发挥 更大 作用 


翁杰明	中交集团	导读 8月 5日 ， 国务院 国资委 副主任 	翁杰明 	一行 到 	中 交 集团 	调研 并 召开 工作 座谈会 

内蒙古北控易嘉生态环境治理有限公司	董亚林	 	内蒙古 北控 易嘉 生态 环境 治理 有限 公司 	总经理 尹斌 、 副总经理 何俊峰 、 造价 部 经理 	董亚林 	、 工程部 经理 鈕殿金 陪同 调研 

西安环球印务公司	苏国峰	参观 调研 西安 杨森 新 工厂 参观 调研 	西安 环球 印务 公司 	参观 调研 陕药 控股 派昂 医药 公司 3月 22日 现场 调研 后 ， 省 国资委 副主任 孙喜民 主持 召开 了 座谈会 ， 省 国资委 主任 任国 、 陕西 医药 协会 秘书长 丰雷 、 陕西 中医药 大学 副 校长 唐 志书 、 西安 国际 港务区 管委会 副主任 	苏国峰 	、 安康市 国资委 主任 许启政 及 陕药 集团 领导 班子 全体 成员 参加 了 会议 

贾珉亮	陕西宝棉纺织集团有限公司	在 当日 上午 的 调研 中 ， 	贾珉亮 	一行 先后 来到 陕西 宝 氮 化工 集团 有限 公司 、 宝鸡 北方 照明 电器 （ 集团 ） 股份 有限 公司 、 	陕西 宝 棉纺织 集团 有限 公司 	等 企业 生产 一 线 ， 通过 现场 走访 、 集中 座谈 等 方式 ， 了解 企业 生产 经营 情况 ， 现场 解决 企业 生产 经营 中 面临 的 主要 困难 和 问题 

 

郝鹏	葛洲坝集团	凯总 在 点评 班长 发言 时 ， 介绍 了 近期 国资委 领导 	郝鹏 	、 郝鹏 以及 国务 委员 王勇 今年 5月 份 以来 先后 密集 来 	葛洲坝 集团 	调研 ， 对于 

李强	上海国际集团有限公司	上海 市委 书记 	李强 	日前 在 上海 国盛 ( 集团 ) 有限 公司 、 	上海 国际 集团 有限 公司 	调研 时 指出 ， 上海 要 以 市场化 、 专业化 、 国际 化为 导向 ， 进一步 发挥 国资 平台 优势 ， 做 强 做 优 做大 国有 资本 

张志南	中铝集团党组	福建 省委 副书记 、 福州 市委 书记 王宁 ， 福建 省委 常委 、 常务 副省长 	张志南 	， 国务院 国资委 秘书长 彭华岗 ， 	中铝 集团 党组 	副书记 、 总经理 余德辉 一同 调研 

张晋川	四川省企业家协会	全国 工商联 副主席 、 四川省 政协 副主席 、 省 工商联 主席 陈放 先生 ， 中国 会展 经济 研究会 会长 袁再清 先生 ， 四川省 国资委 党委 委员 、 副主任 秦明 先生 ， 四川省 知识 产权局 副局长 杨早林 先生 ， 四川省 工商 行政 管理局 商标 分局 局长 周广平 先生 ， 四川省 发展 和 改革 委员会 调研员 张亚敏 女士 ， 四川省 经济 和 信息化 委员会 副 调研员 刘凯 先生 ， 省企联 特邀 副 会长 、 省政协 原 常委 、 省 农业厅 原 常务 副厅长 傅志康 先生 ， 省企联 特邀 副 会长 、 省政府 原 副秘书长 	张晋川 	先生 ， 省企联 顾问 、 省人大 常委会 法制 工作 委员会 原 主任 杨文 先生 ， 省企联 顾问 、 省 国 安厅 原 常务 副厅长 马方 元 先生 ， 省企联 顾问 、 省 国资委 原 副主任 李继郁 先生 ， 四川省 企业 联合会 、 	四川省 企业家 协会 	副会长 兼 秘书长 梁勤 先生 ， 四川省 质量 协会 驻 会 副会长 罗召贵 先生 等 领导 及 相关 政府 部门 负责人 出席 大会 

江铜集团	李晓刚	为 积极 支持 	江铜 集团 	实现 “ 三 年 ” 创新 倍增 计划 ， 争创 世界 一流 企业 ， 11月 6日 ， 	李晓刚 	副主任 带队 到 珠海 格力 电器 股份 公司 学习 调研 ， 详细 了解 格力 电器 对 下属 企业 的 管控 模式 、 创新 发展 的 思路 措施 、 对下 属 企业 负责人 的 绩效 考核 和 薪酬 激励 机制 等 
 

轻纺集团	余刚	 	轻纺 集团 	党委 书记 、 董事长 谢英明 ， 党委 副书记 、 总经理 	余刚 	、 党委 委员 、 副总经理 徐阳 参加 调研 活动 

张庆虎	河北建投集团	2月 21日 ， 由 河北省 国资委 党委 副书记 曹海燕 带队 ， 河 钢 集团 党委 副书记 李炳军 、 河北 建工 集团 党委 副书记 	张庆虎 	， 河北省 国资委 党建处 、 改革 改组 处 ， 	河北 建 投 集团 	有关 人员 组成 的 调研组 来 公司 ， 就 公司 党建 工作 情况 进行 专题 调研 

翁杰明	上海老凤祥股份有限公司	在 上海 期间 ， 	翁杰明 	还 调研 了 	上海 老凤祥 股份 有限 公司 	和 上海 国际 集团 有限 公司 ， 并 与 企业 主要 负责 同志 及 班子 成员 座谈 

省建设集团有限公司	夏勇开	省 国资委 规划 发展 改革 处 丁正锋 、 政策 法规 与 公司 治理 处 王恒 、 财务 监管 与 考核 分配处 丁小琳 ， 	省 建设 集团 有限 公司 	唐群杰 、 省 建设 项目 规划 设计 研究院 	夏勇 开 	一同 参与 了 调研 

郝鹏	中核集团	11月 21日 ， 国务院 国资委 主任 、 党委 副书记 	郝鹏 	赴 	中核 集团 	中国 核动力 研究 设计院 开展 专题 调研 ， 四川省 副省长 彭宇行 ， 

中国黄金集团有限公司	杨奇	 	中国 黄金 集团 有限 公司 	董事 、 总经理 、 党委 副书记 刘冰 ， 中国 黄金 党委 委员 、 副总经理 	杨奇 	陪同 调研 

王晓昀	粤海水务集团	1月 18日 ， 省 国资委 副主任 	王晓昀 	到 粤 水电 承建 的 粤东 区域 重点 工程 练 江 流域 环保 整治 工程 项目 调研 ， 潮 南区 区委 常委 、 常务 副区长 王楚彬 、 总 承包 事业部 副总经理 胡顺彬 、 	粤 海水 务 集团 	总经理 谭奇峰 、 建工 集团 副总经理 黄瑛鹏 、 粤 水电 副总经理 王伟导 、 副总工程师 、 工程 管理部 经理 石爱军 及 工程 建设 公司 粤东 区域 重点 工程 项目 部 相关 人员 参加 调研 

中国新兴建设开发有限责任公司	周永祥	会议 由 建委 科技处 调研员 徐东林 主持 ， 中国 建筑 科学 研究院 顾问 副总工程师 赵 基达 ， 华夏 建宇 （ 北京 ） 混凝土 技术 研究院 院长 路 来 军 ， 中国 建筑 标准 设计 研究院 钢结构 所 所长 王喆 ， 	中国 新兴 建设 开发 有限 责任 公司 	副总工程师 李栋 ， 建研 科技 股份 公司 高 性能 混凝土 研究 中心 主任 	周永祥 	等 审查 专家 出席 会议 

郝鹏	中化集团	而 在 3月 24日 ， 	郝鹏 	赴 	中化 集团 	调研 ， 再 提 “ 通过 业务 调整 、 重组 整合 等 方式 培育 出在 市场 竞争 中 的 优势 业务 ” 

童志云	建设集团有限公司	本报讯 （ 首席 记者 颜宏幸 ） 为 加快 推进 州 属 国有 企业 改革 ， 推动 国有 资产 资源 高效 整合 重组 ， 6月 14日 ， 州委 书记 	童志云 	， 州委 副书记 、 州长 张秀兰 深入 州 交通 投资 	建设 集团 有限 公司 	、 水利 投资 集团 有限 公司 、 城乡 开发 投资 有限 公司 、 土地 开发 投资 有限 公司 进行 专题 调研 ， 并 召开 座谈会 ， 分析 当前 全州 国有 企业 改革 推进 中 存在 的 困难 和 问题 ， 对 深化 州 属 国有 企业 改革 工作 进行 再 安排 、 再 部署 

孙力实	平凉公司党建	调研 期间 ， 	孙力实 	从 党建 工作 和 企业 经营 相 结合 、 党建 工作 和 公司 规范 管理 相 结合 、 党建 文化 和 企业 文化 、 安全 环保 文化 相 结合 、 党建 工作 和 廉洁 从业 相 结合 四 个 方面 全面 了解 了 公司 党建 工作 情况 ， 参观 了 	平凉 公司 党建 	活动室 、 职工 书屋 等 工作 阵地 ， 充分 肯定 了 公司 党建 工作 取得 的 成绩 ， 要求 公司 各 级 党组织 深入 落实 中央 企业 党建 工作 座谈会 精神 ， 进一步 抓紧 抓 实 抓好 企业 党建 工作 ， 并 做好 党建 品牌 和 经验 的 宣传 推广 工作 

铀业公司	蔡于胜	国资委 产权 管理局 局长 贾立克 、 国际 合作局 局长 殷长波 、 规划 发展局 副局长 孟华强 、 中广 核 办公厅 主任 胡光耀 、 	铀业 公司 	总经理 安军靖 、 斯科 公司 总经理 	蔡于胜 	、 中 交 集团 副总经理 王海怀 等 一同 参加 调研 和 座谈 

高屹	中国建材集团	国资委 秘书长 彭华岗 ， 浙江 省政府 副秘书长 	高屹 	， 	中国 建材 集团 	党委 副书记 、 副董事长 刘志江 ， 

陈放	四川省企业联合会	全国 工商联 副主席 、 四川省 政协 副主席 、 省 工商联 主席 	陈放 	先生 ， 中国 会展 经济 研究会 会长 袁再清 先生 ， 四川省 国资委 党委 委员 、 副主任 秦明 先生 ， 四川省 知识 产权局 副局长 杨早林 先生 ， 四川省 工商 行政 管理局 商标 分局 局长 周广平 先生 ， 四川省 发展 和 改革 委员会 调研员 张亚敏 女士 ， 四川省 经济 和 信息化 委员会 副 调研员 刘凯 先生 ， 省企联 特邀 副 会长 、 省政协 原 常委 、 省 农业厅 原 常务 副厅长 傅志康 先生 ， 省企联 特邀 副 会长 、 省政府 原 副秘书长 张晋川 先生 ， 省企联 顾问 、 省人大 常委会 法制 工作 委员会 原 主任 杨文 先生 ， 省企联 顾问 、 省 国 安厅 原 常务 副厅长 马方 元 先生 ， 省企联 顾问 、 省 国资委 原 副主任 李继郁 先生 ， 	四川省 企业 联合会 	、 四川省 企业家 协会 副会长 兼 秘书长 梁勤 先生 ， 四川省 质量 协会 驻 会 副会长 罗召贵 先生 等 领导 及 相关 政府 部门 负责人 出席 大会 

沈莹	中国铝业集团有限公司	国务院 国资委 副主任 、 党委 委员 任洪斌 ， 黑龙江省 副省长 	沈莹 	， 	中国 铝业 集团 有限 公司 	党组 副书记 、 总经理 余德辉 ， 中国 商用 飞机 有限 责任 公司 董事长 、 党委 书记贺 东风 一同 调研 

张海波	城投集团	7月 22日 至 24日 ， 市委 副书记 、 市长 	张海波 	到 市 产 投 集团 、 	城 投 集团 	、 文 旅 集团 调研 市属 国有 企业 改革 发展 工作 ， 与 企业 领导 班子 共同 探讨 改革 后 的 发展 路径 ， 要求 找准 定位 ， 突出 主业 ， 理清 思路 ， 整合 各 类 资源 ， 理顺 管理 机制 ， 推动 企业 做 强 做 优 做 精 ， 努力 在 加快 新旧 动能 转换 、 推动 精致 城市 建设 上 发挥 更大 作用 

郝鹏	河北欧耐模具公司	 	郝鹏 	一行 深入 魏县 仕望集乡 崔阁 村 、 平乡县 油召乡 马 第二 疃村 ， 走访 看望 贫困 户 ， 调研 国资委 党费 支持 的 村支部 活动室 建设 情况 ， 了解 中国 建材 凯盛 君 恒 公司 和 中央 企业 贫困 地区 产业 投资 基金 投资 的 	河北 欧 耐 模具 公司 	生产 经营 、 解决 当地 就业 等 情况 

广业集团	黄祥清	省 国资委 规划 发展 处 、 考核 分配处 相关 负责 同志 ， 	广业 集团 	副总经理 林建兴 、 	黄祥清 	， 

华录集团董事会	翟智群	 	华录 集团 董事会 	秘书 	翟智群 	和 有关 部门 负责 同志 参加 调研 

郝鹏	深圳市投资控股有限公司深圳湾科技园区	调研 中 ， 	郝鹏 	每 到 一 处 都 深入 了解 企业 党 的 建设 和 改革 发展 、 生产 经营 融合 情况 ， 对华润 集团 华润 置地 、 南方 电网 广州 黄埔 供电局 等 企业 基层 党建 工作 充分 肯定 ， 对 	深圳市 投资 控股 有限 公司 深圳湾 科技 园区 	以 “ 跟 党 一起 创业 ” 为 主题 加强 党建 工作 的 做法 予以 高度 评价 

郝鹏	中环电子信息集团天津712通信广播股份公司	九 、 	郝鹏 	强调 中央 企业 要 履行 职责 使命 推动 企业 高 质量 发展 事件 ： 7月 24日 ， 国资委 主任 	中环 电子 信息 集团 天津 712 通信 广播 股份 公司 	 

郝鹏	中国旅游集团	2018年 4月 ， 国务院 国资委 主任 	郝鹏 	在 香港 深入 招商局 集团 、 华润 集团 、 	中国 旅游 集团 	调研 时 强调 ， 驻港 中央 企业 要 加快 创新 驱动 和 高质量 发展 步伐 ， 进一步 强化 战略 引领 ， 努力 培育 具有 全球 竞争力 的 世界 一流 企业 

徐东林	中国新兴建设开发有限责任公司	会议 由 建委 科技处 调研员 	徐东林 	主持 ， 中国 建筑 科学 研究院 顾问 副总工程师 赵 基达 ， 华夏 建宇 （ 北京 ） 混凝土 技术 研究院 院长 路 来 军 ， 中国 建筑 标准 设计 研究院 钢结构 所 所长 王喆 ， 	中国 新兴 建设 开发 有限 责任 公司 	副总工程师 李栋 ， 建研 科技 股份 公司 高 性能 混凝土 研究 中心 主任 周永祥 等 审查 专家 出席 会议 

中国建材集团党委	光照宇	国资委 秘书长 彭华岗 ， 浙江 省政府 副秘书长 高屹 ， 	中国 建材 集团 党委 	副书记 、 副董事长 刘志江 ， 中国 建材 集团 总经理 、 中国 巨石 董事长 曹江林 ， 中国 建材 集团 副总经理 常 张 利 ， 中国 建材 集团 董事会 秘书 、 总经理 助理 	光照宇 	， 中国 建材 股份 副总裁 蔡国斌 等 陪同 调研 

颜宏幸	水利投资集团有限公司	本报讯 （ 首席 记者 	颜宏幸 	） 为 加快 推进 州 属 国有 企业 改革 ， 推动 国有 资产 资源 高效 整合 重组 ， 6月 14日 ， 州委 书记 童志云 ， 州委 副书记 、 州长 张秀兰 深入 州 交通 投资 建设 集团 有限 公司 、 	水利 投资 集团 有限 公司 	、 城乡 开发 投资 有限 公司 、 土地 开发 投资 有限 公司 进行 专题 调研 ， 并 召开 座谈会 ， 分析 当前 全州 国有 企业 改革 推进 中 存在 的 困难 和 问题 ， 对 深化 州 属 国有 企业 改革 工作 进行 再 安排 、 再 部署 

贾立克	斯科公司	国资委 产权 管理局 局长 	贾立克 	、 国际 合作局 局长 殷长波 、 规划 发展局 副局长 孟华强 、 中广 核 办公厅 主任 胡光耀 、 铀业 公司 总经理 安军靖 、 	斯科 公司 	总经理 蔡于胜 、 中 交 集团 副总经理 王海怀 等 一同 参加 调研 和 座谈 

中国建材集团	张毓强	浙江省 副省长 朱从玖 ， 	中国 建材 集团 	党委 书记 、 董事长 宋志平 陪同 调研 ， 中国 巨石 党委 书记 、 总裁 	张毓强 	热情 接待 并 汇报 工作 

中国铁路总公司	陆东福	在 今年 初 召开 的 	中国 铁路 总 公司 	工作 会议 上 ， 	陆东福 	表示 ， 2019年 集中 全力 办好 规划 建设 川藏 铁路 和 加快 推动 铁 总 股份制 改造 两 件 大 事 ， 力争 川藏 铁路 三 季度 末 具备 开工 建设 条件 ， 同时 按照 政企 分开 、 政资 分开 和 公平 竞争 原则 ， 紧密 结合 铁路 行业 特点 ， 在 深入 调研 论证 的 基础 上 ， 提出 铁 总 股份制 改造 系统 建议 方案 

中化集团党组	宁高宁	 	中化 集团 党组 	书记 、 董事长 	宁 高宁 	带头 抓 整改 ， 针对 重大 战略 重组 推进 还 不够 快的 问题 ， 率队 赴 江苏 、 湖南 、 辽宁 等 地 20 余 家 企业 调研 ， 形成 了 在 对 标 一流 、 智能 制造 和 数字化 管理 、 一体化 基地 建设 等 方面 加速 推进 的 方案 

李强	上海国盛(集团)有限公司	上海 市委 书记 	李强 	日前 在 上海 国盛 ( 集团 ) 有限 公司 、 上海 国际 集团 有限 公司 调研 时 指出 ， 上海 要 以 市场化 、 专业化 、 国际 化为 导向 ， 进一步 发挥 国资 平台 优势 ， 做 强 做 优 做大 国有 资本 	上海 国盛 ( 集团 ) 有限 公司 	 

沈莹	中国商用飞机有限责任公司	国务院 国资委 副主任 、 党委 委员 任洪斌 ， 黑龙江省 副省长 	沈莹 	， 中国 铝业 集团 有限 公司 党组 副书记 、 总经理 余德辉 ， 	中国 商用 飞机 有限 责任 公司 	董事长 、 党委 书记贺 东风 一同 调研 

宋权礼	中林·杭州千岛湖发展集团有限公司	6月 23日 ， 国务院 国有 资产 监督 管理 委员会 党委 书记 、 主任 郝鹏 ， 在 中国 林业 集团 有限 公司 党委 书记 、 董事长 	宋权礼 	， 总经理 林展等 的 陪同 下 专程 来到 	中林·杭州 千岛湖 发展 集团 有限 公司 	， 调研 企业 党建 、 “ 不忘 初 心 、 牢记 使命 ” 主题 教育 、 企业 生产 经营 管理 和 践行 “ 两 山 理论 ” 情况 

张秀兰	土地开发投资有限公司	本报讯 （ 首席 记者 颜宏幸 ） 为 加快 推进 州 属 国有 企业 改革 ， 推动 国有 资产 资源 高效 整合 重组 ， 6月 14日 ， 州委 书记 童志云 ， 州委 副书记 、 州长 	张秀兰 	深入 州 交通 投资 建设 集团 有限 公司 、 水利 投资 集团 有限 公司 、 城乡 开发 投资 有限 公司 、 	土地 开发 投资 有限 公司 	进行 专题 调研 ， 并 召开 座谈会 ， 分析 当前 全州 国有 企业 改革 推进 中 存在 的 困难 和 问题 ， 对 深化 州 属 国有 企业 改革 工作 进行 再 安排 、 再 部署 

翁杰明	中国有色集团	4月 11日 ， 国务院 国有 企业 改革 领导 小组 办公室 副主任 、 国务院 国资委 副主任 	翁杰明 	一行 到 	中国 有色 集团 	调研 

郭保民	山西大地环境投资控股有限公司	省 国资委 联合 调研组 在 大地 控股 集中 办公 调研 10月 11日 ， 省 国资委 主任 	郭保民率 	有关 部门 组成 的 联合 调研组 ， 赴 	山西 大地 环境 投资 控股 有限 公司 	， 就 加快 生态 环保 产业 发展 进行 集中 办公 调研 

张秀兰	建设集团有限公司	本报讯 （ 首席 记者 颜宏幸 ） 为 加快 推进 州 属 国有 企业 改革 ， 推动 国有 资产 资源 高效 整合 重组 ， 6月 14日 ， 州委 书记 童志云 ， 州委 副书记 、 州长 	张秀兰 	深入 州 交通 投资 	建设 集团 有限 公司 	、 水利 投资 集团 有限 公司 、 城乡 开发 投资 有限 公司 、 土地 开发 投资 有限 公司 进行 专题 调研 ， 并 召开 座谈会 ， 分析 当前 全州 国有 企业 改革 推进 中 存在 的 困难 和 问题 ， 对 深化 州 属 国有 企业 改革 工作 进行 再 安排 、 再 部署 

胡顺彬	粤海水务集团	1月 18日 ， 省 国资委 副主任 王晓昀 到 粤 水电 承建 的 粤东 区域 重点 工程 练 江 流域 环保 整治 工程 项目 调研 ， 潮 南区 区委 常委 、 常务 副区长 王楚彬 、 总 承包 事业部 副总经理 	胡顺彬 	、 	粤 海水 务 集团 	总经理 谭奇峰 、 建工 集团 副总经理 黄瑛鹏 、 粤 水电 副总经理 王伟导 、 副总工程师 、 工程 管理部 经理 石爱军 及 工程 建设 公司 粤东 区域 重点 工程 项目 部 相关 人员 参加 调研 

王喆	建研科技股份公司高性能混凝土研究中心	会议 由 建委 科技处 正 处级 调研员 徐东林 主持 ， 中国 建筑 科学 研究院 顾问 副总工程师 赵 基达 ， 华夏 建宇 （ 北京 ） 混凝土 技术 研究院 院长 路 来 军 ， 中国 建筑 标准 设计 研究院 钢结构 所 所长 	王喆 	， 中国 新兴 建设 开发 有限 责任 公司 副总工程师 李栋 ， 	建 研 科技 股份 公司 高 性能 混凝土 研究 中心 	主任 周永祥 等 审查 专家 出席 会议 

周广平	四川省企业家协会	全国 工商联 副主席 、 四川省 政协 副主席 、 省 工商联 主席 陈放 先生 ， 中国 会展 经济 研究会 会长 袁再清 先生 ， 四川省 国资委 党委 委员 、 副主任 秦明 先生 ， 四川省 知识 产权局 副局长 杨早林 先生 ， 四川省 工商 行政 管理局 商标 分局 局长 	周 广平 	先生 ， 四川省 发展 和 改革 委员会 调研员 张亚敏 女士 ， 四川省 经济 和 信息化 委员会 副 调研员 刘凯 先生 ， 省企联 特邀 副 会长 、 省政协 原 常委 、 省 农业厅 原 常务 副厅长 傅志康 先生 ， 省企联 特邀 副 会长 、 省政府 原 副秘书长 张晋川 先生 ， 省企联 顾问 、 省人大 常委会 法制 工作 委员会 原 主任 杨文 先生 ， 省企联 顾问 、 省 国 安厅 原 常务 副厅长 马方 元 先生 ， 省企联 顾问 、 省 国资委 原 副主任 李继郁 先生 ， 四川省 企业 联合会 、 	四川省 企业家 协会 	副会长 兼 秘书长 梁勤 先生 ， 四川省 质量 协会 驻 会 副会长 罗召贵 先生 等 领导 及 相关 政府 部门 负责人 出席 大会 

邓小平	青岛双星集团	国企 改革 40 年 的 回顾 （ 4 、 5 ） 在 中央 决定 70 天 前 拿出 市场 经济 模型 李锦 今天 发表 对 国企 改革 40 年 回顾 《 “ 南巡 讲话 ” 之后 对 双星 集团 的 调研 》 第 4 、 5 小节 ， 重点 写 的 是 	邓小平 	“ 南巡 讲话 ” 到 十四 大 前在 	青岛 双星 集团 	调研 过程 

中丝集团	邓长清	据 	中 丝 集团 	官网 消息 ， 今年 6月 5日 至 12日 ， 保利 集团 董事长 徐念沙 ， 保利 集团 副总经理 、 	邓长清 	 

黄群慧	沪东中华造船(集团)有限公司	《 	黄群慧 	： 实体 经济 与 虚拟 经济 互相 促进 带动 经济 转型 升级 》 相关 文章 推荐 五 ： 爬坡 过 坎攀 高端 —— 来自 中国 制造业 一线 的 调研 报告 之一 经济 日报・中国 经济 网 记者 黄鑫 7月 5日 ， 在 沪东 中华 造船 ( 集团 ) 有限 公司 ， 一 艘 总 舱 容为 17 	沪东 中华 造船 ( 集团 ) 有限 公司 	 

中车集团	刘化龙	10月 13日 ， 国务院 国资委 主任 郝鹏 ， 	中车 集团 	董事长 、 党委 书记 	刘化龙 	， 前往 中车 位于 南非 比勒陀利亚 的 合资 工厂 考察 调研 ， 与 中车 员工 进行 座谈 

胡光耀	斯科公司	国资委 产权 管理局 局长 贾立克 、 国际 合作局 局长 殷长波 、 规划 发展局 副局长 孟华强 、 中广 核 办公厅 主任 	胡光耀 	、 铀业 公司 总经理 安军靖 、 	斯科 公司 	总经理 蔡于胜 、 中 交 集团 副总经理 王海怀 等 一同 参加 调研 和 座谈 

建宇	建研科技股份公司高性能混凝土研究中心	会议 由 建委 科技处 调研员 徐东林 主持 ， 中国 建筑 科学 研究院 顾问 副总工程师 赵 基达 ， 华夏 	建宇 	（ 北京 ） 混凝土 技术 研究院 院长 路 来 军 ， 中国 建筑 标准 设计 研究院 钢结构 所 所长 王喆 ， 中国 新兴 建设 开发 有限 责任 公司 副总工程师 李栋 ， 	建 研 科技 股份 公司 高 性能 混凝土 研究 中心 	主任 周永祥 等 审查 专家 出席 会议 

四川通用航空投资管理有限责任公司	陈斌	川航 集团 党委 书记 、 董事长 李海鹰 ， 省 国资委 副主任 薛东兵 ， 川航 集团 副总经理 、 	四川 通用 航空 投资 管理 有限 责任 公司 	董事长 	陈斌 	参加 调研 

徐东林	中国新兴建设开发有限责任公司	会议 由 建委 科技处 正 处级 调研员 	徐东林 	主持 ， 中国 建筑 科学 研究院 顾问 副总工程师 赵 基达 ， 华夏 建宇 （ 北京 ） 混凝土 技术 研究院 院长 路 来 军 ， 中国 建筑 标准 设计 研究院 钢结构 所 所长 王喆 ， 	中国 新兴 建设 开发 有限 责任 公司 	副总工程师 李栋 ， 建研 科技 股份 公司 高 性能 混凝土 研究 中心 主任 周永祥 等 审查 专家 出席 会议 

周广平	四川省企业联合会	全国 工商联 副主席 、 四川省 政协 副主席 、 省 工商联 主席 陈放 先生 ， 中国 会展 经济 研究会 会长 袁再清 先生 ， 四川省 国资委 党委 委员 、 副主任 秦明 先生 ， 四川省 知识 产权局 副局长 杨早林 先生 ， 四川省 工商 行政 管理局 商标 分局 局长 	周 广平 	先生 ， 四川省 发展 和 改革 委员会 调研员 张亚敏 女士 ， 四川省 经济 和 信息化 委员会 副 调研员 刘凯 先生 ， 省企联 特邀 副 会长 、 省政协 原 常委 、 省 农业厅 原 常务 副厅长 傅志康 先生 ， 省企联 特邀 副 会长 、 省政府 原 副秘书长 张晋川 先生 ， 省企联 顾问 、 省人大 常委会 法制 工作 委员会 原 主任 杨文 先生 ， 省企联 顾问 、 省 国 安厅 原 常务 副厅长 马方 元 先生 ， 省企联 顾问 、 省 国资委 原 副主任 李继郁 先生 ， 	四川省 企业 联合会 	、 四川省 企业家 协会 副会长 兼 秘书长 梁勤 先生 ， 四川省 质量 协会 驻 会 副会长 罗召贵 先生 等 领导 及 相关 政府 部门 负责人 出席 大会 

中国长江三峡集团有限公司	陆海新	三峡 集团 ： 积极 投身 “ 一 带 一 路 ” 建设 推动 国际 业务 高 质量 发展 时间 ： [ 2019-08-23 ] 信息 来源 : 	中国 长江 三峡 集团 有限 公司 	8月 16日 至 18日 ， 国务 委员 兼 外交 部长 王毅在 重庆 调研 时 提出 ， 要 着力 打造 西部 	陆海 新 	通道 ， 推动 高 质量 共 建 “ 一 带 一 路 ” 

孙	青岛市建设投资有限公司	超标准 配备 使用 公车 2014年 4月 至 2015年 8月 ， 青岛市 城乡 建设 委 离退休 干部处 调研员 	孙 	进伟任 市 城乡 建设 委 房地产业处 调研员 兼 	青岛市 建设 投资 有限 公司 	董事长 期间 ， 违规 安排 该 公司 购买 价格 23 

翁杰明	北新集团建材股份有限公司	今年 3月 28日 ， 国务院 国企 改革 领导 小组 办公室 副主任 、 国务院 国资委 副主任 	翁杰明 	赴 中国 黄金 集团 中金 珠宝 股份 有限 公司 和 	北新 集团 建材 股份 有限 公司 	两 家 “ 双百 企业 ” 进行 调研 ， 强调 要 坚决 推进 充分 竞争 行业 和 领域 国有 企业 的 市场化 改革 

郝鹏	哈电集团	 	郝鹏 	在 	哈 电 集团 	锅炉厂 调研 燃烧 技术 中心 、 重型 容器 分厂 、 管子 二分厂 时 强调 , 要 紧紧 围绕 企业 改革 发展 目标 , 找准 问题 、 找准 市场 , 对 标 先进 、 对 标 一流 , 加大 科研 成果 产业化 转化 力度 , 为 企业 转型 升级 提供 有力 支持 

郝鹏	葛洲坝集团	凯总 在 点评 班长 发言 时 ， 介绍 了 近期 国资委 领导 郝鹏 、 	郝鹏 	以及 国务 委员 王勇 今年 5月 份 以来 先后 密集 来 	葛洲坝 集团 	调研 ， 对于 

李锦	中冶集团	作者 是 我 国有 影响 的 国企 研究 学者 与 评论家 	李锦 	， 该 专著 结合 党 的 十九 大 精神 和 习近平 总书记 关于 国企 改革 发展 与 党建 重要 论述 ， 在 广泛 深入 调研 的 基础 上 ， 对 	中冶 集团 	刚刚 过去 的 五 年 历程 、 发展 战略 、 治理 思想 与 重大 工程 进行 系统性 分析 评论 ， 是 我 国 第一 部 全景式 记录 中央 企业 在 过去 “ 极 不 平凡 的 五 年 ” 中 推进 供给 侧 结构性 改革 的 纪实 报告 

中国建材集团	光照宇	国资委 秘书长 彭华岗 ， 浙江 省政府 副秘书长 高屹 ， 	中国 建材 集团 	党委 副书记 、 副董事长 刘志江 ， 	光照宇 	 

近平	中冶集团	作者 是 我 国有 影响 的 国企 研究 学者 与 评论家 李锦 ， 该 专著 结合 党 的 十九 大 精神 和 习 	近 平 	总书记 关于 国企 改革 发展 与 党建 重要 论述 ， 在 广泛 深入 调研 的 基础 上 ， 对 	中冶 集团 	刚刚 过去 的 五 年 历程 、 发展 战略 、 治理 思想 与 重大 工程 进行 系统性 分析 评论 ， 是 我 国 第一 部 全景式 记录 中央 企业 在 过去 “ 极 不 平凡 的 五 年 ” 中 推进 供给 侧 结构性 改革 的 纪实 报告 

北勘公司	张晓畅	公司 领导 到 石家庄 综合 保税区 标准化 仓库 建设 项目 检查 调研 工作 2018年 4月 25日 ， 	北勘 公司 	副总经理 陆洪根 、 生产 运 营部 主任 王永正 、 科技 质量 与 安全部 副主任 黄彬 、 科技 质量 与 安全部 张春辉 一行 四 人 到 石家庄 综合 保税区 标准化 保税 仓库 建设 项目 一 期 工程 进行 检查 调研 ， 第一 勘察 设计 研究所 副所长 王海渤 及 项目 人员 	张晓畅 	、 杜新鹏 陪同 并 做 详细 讲解 

尹力	民企集团	当年 6月 6日 ， 时 任 鞍钢 党委 副书记 	尹力 	同志 到 	民企 集团 	调研 时 指出 ： “ 要 创新 机制 ， 引入 现代 企业 制度 ， 无论是 兼并 、 重组 、 承包 、 融资 还是 模拟 股份制 ， 判断 企业 改革 措施 是否 恰当 的 标准 就 看 是否 有利于 企业 发展 ， 是否 有利于 改善 职工 生活 ， 是否 有利于 社会 稳定 

张小刚	新疆机场集团	 	张小刚 	一行 首站 来到 	新疆 机场 集团 	， 实地 调研 乌鲁木齐 机场 ， 并与 

刘凯	四川省企业联合会	全国 工商联 副主席 、 四川省 政协 副主席 、 省 工商联 主席 陈放 先生 ， 中国 会展 经济 研究会 会长 袁再清 先生 ， 四川省 国资委 党委 委员 、 副主任 秦明 先生 ， 四川省 知识 产权局 副局长 杨早林 先生 ， 四川省 工商 行政 管理局 商标 分局 局长 周广平 先生 ， 四川省 发展 和 改革 委员会 调研员 张亚敏 女士 ， 四川省 经济 和 信息化 委员会 副 调研员 	刘凯 	先生 ， 省企联 特邀 副 会长 、 省政协 原 常委 、 省 农业厅 原 常务 副厅长 傅志康 先生 ， 省企联 特邀 副 会长 、 省政府 原 副秘书长 张晋川 先生 ， 省企联 顾问 、 省人大 常委会 法制 工作 委员会 原 主任 杨文 先生 ， 省企联 顾问 、 省 国 安厅 原 常务 副厅长 马方 元 先生 ， 省企联 顾问 、 省 国资委 原 副主任 李继郁 先生 ， 	四川省 企业 联合会 	、 四川省 企业家 协会 副会长 兼 秘书长 梁勤 先生 ， 四川省 质量 协会 驻 会 副会长 罗召贵 先生 等 领导 及 相关 政府 部门 负责人 出席 大会 

任洪斌	中国商用飞机有限责任公司	国务院 国资委 副主任 、 党委 委员 	任洪斌 	， 黑龙江省 副省长 沈莹 ， 中国 铝业 集团 有限 公司 党组 副书记 、 总经理 余德辉 ， 	中国 商用 飞机 有限 责任 公司 	董事长 、 党委 书记贺 东风 一同 调研 

翁杰明	中铝集团青海分公司	5月 14 至 15日 ， 国资委 副主任 	翁杰明 	到 	中铝 集团 青海 分公司 	和 其 管理 服务 的 青海 桥头 铝 电 公司 调研 ， 走访 一 线 车间 考察 生产 运营 ， 组织 座谈 会议 了解 改革 发展 情况 

青岛乐旺百思特投资管理有限公司	胡	课程 安排 主办 单位 ： 华 一世纪 企业 管理 顾问 有限 公司 、 中国 股权 激励 研究院 承办 单位 ： 	青岛 乐 旺 百思特 投资 管理 有限 公司 	课程 时间 ： 2018年 9月 20-21日 （ 周四 、 周五 ） 授课 地点 ： 青岛市 市南区 香港 中路 96 号 山 孚 大 酒店 参会 条件 ： 企业 法人 、 董事长 、 总经理 、 股东 参课 费用 ： 课程 原价 ： ￥ 8800 现在 只 收取 场地费 + 资料费 + 茶 水费 = 980 元 / 人 （ 感恩 回馈 ： 课前 调研 + 课 中 一对一 咨询 + 课后 答疑 ) 联系人 ： 	胡 	老师 15853247264 【 微 信 同步 】 另外 ， 本 课程 郑重 承诺 ， 两 天 课程 结束 后 不 满意 我们 无 条件 退款 

中国长江三峡集团有限公司	王毅	三峡 集团 ： 积极 投身 “ 一 带 一 路 ” 建设 推动 国际 业务 高 质量 发展 时间 ： [ 2019-08-23 ] 信息 来源 : 	中国 长江 三峡 集团 有限 公司 	8月 16日 至 18日 ， 国务 委员 兼 外交 部长 	王毅 	在 重庆 调研 时 提出 ， 要 着力 打造 西部 陆海 新 通道 ， 推动 高 质量 共 建 “ 一 带 一 路 ” 

任国    西安环球印务公司		参观 调研 西安 杨森 新 工厂 参观 调研 	西安 环球 印务 公司 	参观 调研 陕药 控股 派昂 医药 公司 3月 22日 现场 调研 后 ， 省 国资委 副主任 孙喜民 主持 召开 了 座谈会 ， 省 国资委 主任 	任国 	、 陕西 医药 协会 秘书长 丰雷 、 陕西 中医药 大学 副 校长 唐 志书 、 西安 国际 港务区 管委会 副主任 苏 国峰 、 安康市 国资委 主任 许启政 及 陕药 集团 领导 班子 全体 成员 参加 了 会议 

中国新兴建设开发有限责任公司	周永祥	会议 由 建委 科技处 正 处级 调研员 徐东林 主持 ， 中国 建筑 科学 研究院 顾问 副总工程师 赵 基达 ， 华夏 建宇 （ 北京 ） 混凝土 技术 研究院 院长 路 来 军 ， 中国 建筑 标准 设计 研究院 钢结构 所 所长 王喆 ， 	中国 新兴 建设 开发 有限 责任 公司 	副总工程师 李栋 ， 建研 科技 股份 公司 高 性能 混凝土 研究 中心 主任 	周永祥 	等 审查 专家 出席 会议 

张庆虎  河钢集团党委		2月 21日 ， 由 河北省 国资委 党委 副书记 曹海燕 带队 ， 	河钢 集团 党委 	副书记 李炳军 、 河北 建工 集团 党委 副书记 	张庆虎 	， 河北省 国资委 党建处 、 改革 改组 处 ， 河北 建 投 集团 有关 人员 组成 的 调研组 来 公司 ， 就 公司 党建 工作 情况 进行 专题 调研 

余德辉	中国商用飞机有限责任公司	国务院 国资委 副主任 、 党委 委员 任洪斌 ， 黑龙江省 副省长 沈莹 ， 中国 铝业 集团 有限 公司 党组 副书记 、 总经理 	余德辉 	， 	中国 商用 飞机 有限 责任 公司 	董事长 、 党委 书记贺 东风 一同 调研 

郑剑戈	粤海集团	汕头市 市长 	郑剑戈 	、 副市长 陈武南 ， 潮 南区 、 潮阳 区区 委 区政府 主要 领导 、 区 相关 部门 ， 省 国资委 规划 发展 处 、 考核 分配处 ， 建工 集团 、 广业 集团 、 	粤海 集团 	等 相关 单位 参加 调研 

黄瑛鹏     粤海水务集团		1月 18日 ， 省 国资委 副主任 王晓昀 到 粤 水电 承建 的 粤东 区域 重点 工程 练 江 流域 环保 整治 工程 项目 调研 ， 潮 南区 区委 常委 、 常务 副区长 王楚彬 、 总 承包 事业部 副总经理 胡顺彬 、 	粤 海水 务 集团 	总经理 谭奇峰 、 建工 集团 副总经理 	黄瑛鹏 	、 粤 水电 副总经理 王伟导 、 副总工程师 、 工程 管理部 经理 石爱军 及 工程 建设 公司 粤东 区域 重点 工程 项目 部 相关 人员 参加 调研 

赵荣哲   淮南矿业集团		赵荣哲 刘勇 同志 到 新集 公司 、 	淮南 矿业 集团 	调研 	赵荣哲 	同志 到 西安 设计 公司 调研 平朔 工业 公司 围绕 拓展 外部 运输 市场 开展 调研 做好 沟通 协调 和 指导 推进 集团 公司 主题 教育 领导 小组 办公室 认真 做好 与 国资委 巡回 指导组 的 沟通 协调 ， 每周一 参加 国资委 巡回 指导组 联络员 会议 ， 每 周 三 报送 集团 公司 主题 教育 特点 亮点 工作 ， 及时 协调 巡回 指导组 参加 集团 公司 集中 学习 研讨 、 调查 研究 等 ， 构建 了 顺畅 的 工作 联系 机制 

邓小平	中国企业改革体制研究会	作为 中国 国有 企业 改革 调查 第一 人 ， 被 胡耀邦 、 	邓小平 	、 胡锦涛 等 国家 领导人 批示 国企 改革 调研 有 思考 的 	中国 企业 改革 体制 研究会 	副会长 李锦 指出 ： 国企 改革 ， 政府 改革 在先 ， 企业 改革 在后 ， 是 相辅相成 的 

建工集团	张育民	 	建工 集团 	董事长 	张育民 	参加 了 督导 调研 ， 汇报 了 集团 练 江 流域 整治 项目 的 前期 准备 工作 和 工程 进展 情况 

李成	广业集团普宁垃圾	为 认真 落实 省委 省政府 关于 打好 污染 防治 攻坚战 的 要求 ， 近日 ， 省 国资委 主任 、 党委 书记 	李成 	， 副主任 、 党委 委员 黄敦新 等 一行 调研 广业 集团 、 建工 集团 、 粤海 控股 集团 在 揭阳 、 汕头 地区 的 环保 基础 设施 建设 情况 ， 重点 调研 了 	广业 集团 普宁 垃圾 	焚烧 发电 项目 、 练 江 流域 整治 环保 工程 项目 

李强	百联集团有限公司	上海 市委 书记 	李强 	今天 下午 （ 5月 29日 ） 就 当前 经济 形势 下 推动 国企 改革 发展 赴 上海 汽车 集团 股份 有限 公司 、 	百 联 集团 有限 公司 	调研 

丰雷    西安环球印务公司		参观 调研 西安 杨森 新 工厂 参观 调研 	西安 环球 印务 公司 	参观 调研 陕药 控股 派昂 医药 公司 3月 22日 现场 调研 后 ， 省 国资委 副主任 孙喜民 主持 召开 了 座谈会 ， 省 国资委 主任 任国 、 陕西 医药 协会 秘书长 	丰雷 	、 陕西 中医药 大学 副 校长 唐 志书 、 西安 国际 港务区 管委会 副主任 苏 国峰 、 安康市 国资委 主任 许启政 及 陕药 集团 领导 班子 全体 成员 参加 了 会议 

彭华岗	中国建材集团党委	国资委 秘书长 	彭华岗 	， 浙江 省政府 副秘书长 高屹 ， 	中国 建材 集团 党委 	副书记 、 副董事长 刘志江 ， 中国 建材 集团 总经理 、 中国 巨石 董事长 曹江林 ， 中国 建材 集团 副总经理 常 张 利 ， 中国 建材 集团 董事会 秘书 、 总经理 助理 光照宇 ， 中国 建材 股份 副总裁 蔡国斌 等 陪同 调研 

翁杰明	中国黄金集团黄金珠宝股份有限公司	3月 28日 ， 国务院 国资委 副主任 、 党委 委员 	翁杰明 	到 中国 黄金 集团 有限 公司 调研 所属 	中国 黄金 集团 黄金 珠宝 股份 有限 公司 	“ 双百 行动 ” 改革 试点 工作 

建宇	中国新兴建设开发有限责任公司	会议 由 建委 科技处 正 处级 调研员 徐东林 主持 ， 中国 建筑 科学 研究院 顾问 副总工程师 赵 基达 ， 华夏 	建宇 	（ 北京 ） 混凝土 技术 研究院 院长 路 来 军 ， 中国 建筑 标准 设计 研究院 钢结构 所 所长 王喆 ， 	中国 新兴 建设 开发 有限 责任 公司 	副总工程师 李栋 ， 建研 科技 股份 公司 高 性能 混凝土 研究 中心 主任 周永祥 等 审查 专家 出席 会议 

