受聘	李奇霖	联讯证券
受聘	王静文	民生银行
受聘	刘爱力	中国邮政集团公司
受聘	国文清	中国五矿
受聘	钱智民	国家电投
受聘	张勇	国网能源研究院
受聘	朱虹波	华润集团
受聘	王彤宙	中国有色集团
受聘	朱碧新	中国诚通
调研	张军	联想集团
调研	翁杰明	中国铁建
调研	郝鹏	国投
调研	郝鹏	中盐集团
调研	郝鹏	国药集团
调研	曹志安	南方电网
调研	张晓仑	国机集团
调研	邱勇	国家电网
调研	王志刚	中金公司
调研	王树东	国家电网
调研	翁杰明	新兴际华集团
调研	钱智民	国家电投
调研	钱智民	国家电网
调研	傅育宁	华润集团
调研	刘立军	中国五矿
调研	国文清	中国五矿
调研	张纪辉	华润集团
调研	王晓东	中国五矿
调研	曹江林	中国建材
调研	李新华	中国建材
调研	宋志平	中国建材
调研	周子学	中国电子
调研	李希	兖矿集团
调研	张海波	国家电投
调研	王勇	中国航天科工集团第十研究院
调研	童国华	中国信科
调研	陈刚	中国航天科工集团第十研究院
调研	陈刚	航天科工
调研	易炼红	国家电投
调研	高培勇	中国银行
调研	陈敏尔	中国航天科工集团第十研究院
调研	王曙光	中国农业发展银行
调研	翁杰明	华侨城集团
调研	翁杰明	中广核
调研	王树东	国家电投
调研	翁杰明	国家电投
调研	孟建民	中国航天科工集团第十研究院
调研	孟建民	航天科工
调研	翁杰明	中国西电集团
调研	王绛	美国银行
调研	王绛	中国移动
调研	苗圩	美国银行
调研	苗圩	中国银行
调研	刘纪鹏	中铝公司
调研	刘纪鹏	海尔集团
调研	周丽莎	国家电网
调研	周丽莎	航天科工
调研	王敏	中国华能
调研	王敏	中船集团
调研	周丽莎	中交集团
调研	文宗瑜	中国联通
调研	文宗瑜	中信证券
调研	周放生	国家电网
调研	贾康	汇丰银行
调研	刘纪鹏	北京钓鱼台国宾馆
调研	陈清泰	第二汽车制造厂
调研	李明星	兖矿集团
调研	吕建中	中国石油
调研	钱智民	黄河上游水电开发有限责任公司
调研	钱智民	中国商飞
调研	李强	国家电投
调研	张文魁	上汽集团
调研	王晓秋	上汽集团
调研	陆益民	中国联通
调研	王晓初	中国联通
调研	郑东华	兖矿集团
调研	刘明忠	中国一重
调研	彭建国	国家电网
调研	吴云	中国能建
调研	尚鸣	国投
调研	朱跃	中国诚通
调研	李云峰	中国大唐
调研	刘桂清	中国电信
调研	李保民	中国电信
调研	李保民	中粮集团
调研	李明星	华录集团
调研	薛惠锋	摩托罗拉
调研	薛惠锋	航天科技
调研	张运洲	国网能源研究院
调研	杨杰	中国电信
调研	戴宝华	中国石化
调研	胡迟	中国建筑
调研	胡迟	中粮集团
调研	胡迟	中远集团
调研	胡迟	中国建材
调研	周丽莎	中国五矿
调研	李一农	福建宁德核电有限公司
调研	卢永真	国家电网
调研	卢永真	国有控股企业
调研	卢永真	北京钓鱼台国宾馆
调研	孙龙德	大庆油田有限责任公司
调研	杜天佳	控股子公司
调研	戴宝华	中国石油
调研	李维安	中航工业
调研	李明星	中航工业
调研	马建堂	中航工业
调研	王英杰	中国航空研究院
调研	黄群慧	中航工业
调研	王宜林	中国石油
调研	王森	广汽集团
调研	黄敏刚	北京日兴房地产发展有限公司
调研	黄敏刚	西安核设备有限公司
调研	黄敏刚	中核集团
调研	郝鹏	南方电网
调研	王毅	南方电网
调研	郝鹏	华润集团
调研	卜玉龙	中智公司
调研	黄群慧	中国钢研
调研	乔保平	国家能源集团
调研	李锦	国家能源集团
调研	刘明忠	中国华电
调研	刘明忠	中国石油
调研	刘明忠	中国电科
调研	刘明忠	中国有色集团
调研	刘明忠	中国宝武
调研	刘明忠	中核集团
调研	刘明忠	中国化学工程
调研	陈超英	中粮集团
调研	孟振平	南方电网
调研	周渝波	中国国新
调研	黄海昆	南方电网
调研	凌文	国家能源集团
调研	徐进	中国进出口银行
调研	徐进	国家开发银行
调研	郝鹏	郑州煤矿机械集团股份有限公司
调研	郝鹏	中钢集团耐火材料有限公司
调研	郝鹏	中国中铁
调研	郝鹏	国机集团
调研	郝鹏	中国空空导弹研究院
调研	王绛	中国联通
调研	杨洪	中国电信咸宁分公司
调研	程志明	国家电网
调研	陈刚	中国移动
调研	陈刚	中国联通
调研	刘家义	腾讯公司
调研	邢毅	中国通号
调研	邢毅	北京全路通信信号研究设计院集团有限公司
调研	陈肇雄	中国电信
调研	彭海斌	腾讯公司
调研	徐进	中信证券
调研	贾春曲	中国节能
调研	王民	徐工集团
调研	刘化龙	中国通号
调研	刘起涛	中交集团
调研	李耀强	中盐集团
调研	芮晓武	中国电子
调研	芮晓武	中国一重
调研	苟连杰	中国石化
调研	廖增太	国家电网
调研	陈清泰	中国建筑
调研	陈清泰	中国中车集团
调研	陈清泰	中广核
调研	彭华岗	中广核
调研	彭华岗	中国中车集团
调研	彭华岗	中国建筑
调研	彭华岗	中航集团
调研	彭华岗	中国移动
调研	彭华岗	国家能源集团
调研	魏海军	东药集团
调研	彭华岗	中国三峡集团
调研	彭华岗	国家电网
调研	彭华岗	中国石油
调研	彭华岗	航天科技
调研	陈清泰	鞍钢
调研	陈清泰	航天科技
调研	陈清泰	中国石油
调研	陈清泰	国家电网
调研	陈清泰	中国三峡集团
调研	陈清泰	国家能源集团
调研	陈清泰	中国移动
调研	陈清泰	中航集团
调研	唐复平	中国五矿
调研	黄志凌	中国建设银行
调研	王昌顺	南航集团
调研	翁杰明	中国黄金
调研	周育先	中国国新
调研	李建红	招商局集团
调研	朱碧新	中国诚通
调研	马凯	中国联通
调研	傅成玉	中国石油
调研	傅成玉	中国石油化工股份有限公司
调研	张云勇	中国联通
调研	朱可炳	中国联通
调研	张日忠	招商局集团
调研	周丽莎	中国联通
调研	彭华岗	中国普天
调研	王会生	国投
调研	董明珠	格力集团
调研	张玉良	绿地集团
出访	朱武祥	武汉
出访	王勇	合肥
出访	王勇	安徽
出访	郝鹏	乌鲁木齐
出访	翁杰明	杭州
出访	刘鹤	浙江
出访	刘鹤	杭州
出访	唐仁健	甘肃
出访	晋秋红	北京
出访	惠懂你	江西
出访	王清宪	青岛
出访	贾康	武汉
出访	胡明君	中山
出访	王国生	河南
出访	杨勤	长治
出访	王东峰	河北
出访	刘强	四川
出访	刘强	泸州
出访	刘纪鹏	深圳
出访	温信祥	珠海
出访	温信祥	广州
出访	温信祥	深圳
出访	温信祥	香港
出访	周亮	丽水
出访	翁杰明	河北
出访	周亮	杭州
出访	周亮	江西
出访	周亮	大连
出访	周亮	浙江
出访	周亮	武汉
出访	周亮	广东
出访	周亮	甘肃
出访	周亮	深圳
出访	周亮	湖南
出访	周亮	海南
出访	周亮	兰州
出访	周亮	上海
出访	周亮	北京
出访	周亮	宿迁
出访	胡际权	重庆
出访	迟福林	海南
出访	周亮	四川
出访	周亮	香港
出访	范恒山	海南
出访	易炼红	江西
出访	刘宁	青海
出访	贾康	杭州
出访	彭华岗	东方
出访	曹志安	清远
出访	曹志安	广东
出访	范一飞	肇庆
出访	范一飞	江门
出访	范一飞	惠州
出访	范一飞	佛山
出访	范一飞	珠海
出访	翁杰明	浙江
出访	范一飞	广州
出访	范一飞	深圳
出访	范一飞	香港
出访	王军	北京
出访	沈晓明	海南
出访	温信祥	肇庆
出访	温信祥	江门
出访	温信祥	惠州
出访	温信祥	佛山
出访	翁杰明	香港
出访	傅育宁	香港
出访	王文涛	黑龙江
出访	范锐平	成都
出访	张军	黑龙江
出访	张纪辉	香港
出访	刘鹤	北京
出访	李强	上海
出访	国文清	北京
出访	王晓东	武汉
出访	翁杰明	廊坊
出访	冯韶慧	廊坊
出访	林铎	甘肃
出访	刘昆	北京
出访	王晓东	河北
出访	罗文	北京
出访	周子学	北京
出访	贾康	北京
出访	范一飞	台州
出访	王石	深圳
出访	范一飞	浙江
出访	苗圩	上海
出访	钱智民	大连
出访	钱智民	山东
出访	钱智民	南昌
出访	钱智民	江西
出访	钱智民	威海
出访	钱智民	福州
出访	钱智民	福建
出访	范一飞	武汉
出访	张海波	威海
出访	张海波	江西
出访	张海波	南昌
出访	张海波	山东
出访	张海波	大连
出访	易炼红	威海
出访	唐登杰	福建
出访	唐登杰	福州
出访	易炼红	南昌
出访	王树东	江西
出访	许宏才	北京
出访	翁杰明	深圳
出访	胡广坤	河南
出访	王曙光	北京
出访	易炼红	山东
出访	易炼红	大连
出访	国文清	湖南
出访	国文清	长沙
出访	白景明	上海
出访	国文清	青海
出访	白景明	北京
出访	白景明	西藏
出访	王树东	南昌
出访	白景明	青海
出访	翁杰明	江苏
出访	王曙光	新疆
出访	高培勇	石景山区
出访	高培勇	北京
出访	王曙光	黑龙江
出访	翁杰明	福州
出访	翁杰明	福建
出访	王绛	山东
出访	王绛	上海
出访	苗圩	山东
出访	刘纪鹏	海南
出访	贾康	上海
出访	王敏	钦州
出访	王敏	广西
出访	王敏	南宁
出访	周天勇	辽宁
出访	周天勇	葫芦岛
出访	贾康	厦门
出访	吴明曦	山东
出访	吴明曦	青岛
出访	孙伟	山东
出访	孙伟	青岛
出访	刘纪鹏	北京
出访	贾康	成都
出访	刘鹤	上海
出访	钱智民	呼和浩特
出访	钱智民	内蒙古
出访	李纪恒	内蒙古
出访	李纪恒	呼和浩特
出访	张韶春	内蒙古
出访	郑东华	山东
出访	李明星	上海
出访	李明星	山东
出访	李希	上海
出访	吕建中	北京
出访	李希	山东
出访	贾康	重庆
出访	贾康	潍坊
出访	贾康	青岛
出访	薛惠锋	包头
出访	薛惠锋	内蒙古
出访	韩正	北京
出访	王沪宁	北京
出访	郝鹏	青浦区
出访	郝鹏	杨浦区
出访	钱智民	青浦区
出访	钱智民	杨浦区
出访	王树东	青浦区
出访	王树东	杨浦区
出访	钱智民	广东
出访	钱智民	江苏
出访	钱智民	四川
出访	钱智民	海南
出访	李强	青浦区
出访	李强	杨浦区
出访	刘纪鹏	东莞
出访	钱智民	乌兰察布
出访	钱智民	宁夏
出访	钱智民	甘肃
出访	钱智民	新疆
出访	钱智民	青海
出访	黄群慧	天津
出访	黄群慧	北京
出访	黄群慧	河北
出访	许保利	深圳
出访	张文魁	北京
出访	卢永真	北京
出访	贾康	韶关
出访	贾康	深圳
出访	贾康	广东
出访	郑东华	上海
出访	钱智民	北京
出访	王曙光	山东
出访	卢永真	深圳
出访	高培勇	深圳
出访	李明星	深圳
出访	宋志平	北京
出访	许保利	北京
出访	孙龙德	大庆
出访	张文军	泸州
出访	王森	广州
出访	郝鹏	广东
出访	王森	大连
出访	王森	深圳
出访	王毅	深圳
出访	王勇	海南
出访	马卫刚	青岛
出访	丛培模	长沙
出访	骆惠宁	山西
出访	刘慧	河北
出访	魏茂军	日照
出访	胡小国	荆门
出访	丛培模	湖南
出访	徐斌	泸州
出访	翁杰明	武汉
出访	翁杰明	湖北
出访	陈润儿	河南
出访	刘庆生	大连
出访	刘庆生	深圳
出访	郝鹏	北京
出访	杜家毫	益阳
出访	黄海昆	玉林
出访	郝鹏	上海
出访	郝鹏	长春
出访	郝鹏	吉林
出访	刘庆生	广东
出访	凌文	潍坊
出访	徐进	成都
出访	徐进	四川
出访	张毅	北京
出访	翁杰明	陕西
出访	杨建	延安
出访	翁杰明	上海
出访	连维良	湖北
出访	陈润儿	郑州
出访	赵爱明	北京
出访	杨洪	咸宁
出访	刘以雷	新疆
出访	程志明	黑龙江
出访	张绳道	广东
出访	张绳道	汕尾
出访	王国生	郑州
出访	翁杰明	北京
出访	刘家义	山东
出访	刘家义	深圳
出访	邢毅	广州
出访	翁杰明	新疆
出访	白廷辉	上海
出访	彭海斌	深圳
出访	彭海斌	山东
出访	朱民	浦东新区
出访	朱恒福	深圳
出访	朱恒福	浙江
出访	廖增太	深圳
出访	彭森	淄博
出访	翁杰明	大连
出访	魏海军	沈阳
出访	魏海军	上海
出访	魏海军	深圳
出访	翁杰明	沈阳
出访	王昌顺	广州
出访	刘锋	烟台
出访	周育先	北京
试点	混合所有制改革	福州
试点	混合所有制改革	宁夏
试点	混合所有制改革	吉林
试点	混合所有制改革	青岛
试点	混合所有制改革	辽宁
试点	现代企业制度	佛山
试点	混合所有制改革	河北
试点	党组织	昆明
试点	混合所有制改革	四川
试点	混合所有制改革	浙江
试点	党组织	珠海
试点	混合所有制改革	沈阳
试点	混合所有制改革	天津
试点	董事会	辽宁
试点	法人治理结构	辽宁
试点	党组织负责人	柳州
试点	内部管理	山西
试点	三项制度改革	山西
试点	国务院国资委	山西
试点	混合所有制改革	黑龙江
试点	混合所有制改革	深圳
试点	董事会	深圳
试点	混合所有制改革	新疆
试点	混合所有制改革	江西
试点	混合所有制改革	武汉
试点	混合所有制改革	广西
试点	混合所有制改革	北京
试点	混合所有制改革	山东
试点	经理层	上海
试点	经理层	北京
试点	法人治理结构	上海
试点	法人治理结构	北京
试点	混合所有制改革	上海
试点	现代企业制度	广东
试点	混合所有制改革	重庆
试点	混合所有制改革	广东
试点	现代企业制度	深圳
试点	混合所有制改革	内蒙古
试点	混合所有制改革	海南
试点	混合所有制改革	安徽
试点	董事会	海南
试点	重要行业和关键领域	北京
试点	法人治理结构	山西
试点	董事会	广州
试点	董事会	大连
试点	党组织	聊城
试点	法人治理结构	聊城
试点	完善现代企业制度	福建
试点	法人治理结构	西安
试点	现代企业制度	福建
试点	经理层	福建
试点	法人治理结构	福建
试点	董事会	福建
试点	党组织	福建
试点	分类推进	广州
试点	重要行业和关键领域	广州
试点	党组织隶属关系	湖南
试点	党组织隶属关系	长沙
试点	监事会	福建
试点	政企分开	广州
试点	完善现代企业制度	深圳
试点	任期制	福建
试点	契约化	福建
试点	现代企业制度	聊城
试点	党组织	山西
试点	契约化	湖南
试点	中长期激励机制	湖南
试点	激励约束机制	大连
试点	激励约束机制	沈阳
试点	混合所有制改革	广州
试点	董事会	青岛
试点	法人治理结构	青岛
试点	混合所有制改革	烟台
试点	法人治理结构	吉林
试点	现代企业制度	烟台
试点	党组织	烟台
试点	法人治理结构	葫芦岛
试点	法人治理结构	深圳
试点	激励约束机制	辽宁
试点	法人治理结构	烟台
试点	法人治理结构	广东
试点	法人治理结构	浙江
试点	董事会	新疆
试点	法人治理结构	新疆
试点	法人治理结构	江苏
试点	混合所有制改革	江苏
试点	混合所有制改革	南京
试点	混合所有制改革	南通
试点	混合所有制改革	盐城
试点	混合所有制改革	宿迁
试点	混合所有制改革	泰州
试点	混合所有制改革	扬州
试点	法人治理结构	大连
试点	国务院国资委	新疆
试点	科创板	扬州
试点	科创板	泰州
试点	科创板	宿迁
试点	持股比例	西藏
试点	股权结构	西藏
试点	国务院国资委	西藏
试点	公开透明	西藏
试点	法人治理结构	沈阳
试点	科创板	盐城
试点	科创板	南通
试点	科创板	南京
试点	监事会	聊城
试点	科创板	江苏
试点	经理层	深圳
试点	董事会	聊城
试点	分类推进	深圳
试点	员工持股	深圳
试点	混合所有制改革	濮阳
试点	激励约束机制	葫芦岛
试点	混合所有制改革	安阳
试点	公开透明	深圳
试点	激励约束机制	深圳
试点	激励约束机制	广东
试点	混合所有制改革	湖南
试点	激励约束机制	浙江
试点	激励约束机制	江苏
试点	充分竞争行业	湖南
试点	激励约束机制	湖南
试点	激励约束机制	上海
试点	激励约束机制	北京
试点	激励约束机制	陕西
试点	法人治理结构	陕西
试点	经理层	沈阳
试点	规则运行	上海
试点	市场选人	上海
试点	资本监管	上海
试点	现代企业制度	上海
试点	党组织	酒泉
试点	党组织负责人	日照
试点	党组织	吉林
试点	历史遗留问题	广州
试点	契约化	河南
试点	任期制	河南
试点	董事会	宁夏
试点	监事会	宁夏
试点	法人治理结构	宁夏
试点	党组织	成都
试点	法人治理结构	南京
试点	混合所有制改革	宜昌
试点	放大国有资本功能	重庆
试点	保值增值	重庆
试点	战略合作	重庆
试点	契约化	大连
试点	董事会	宜昌
试点	董事会	重庆
试点	经理层	广东
试点	董事会	广东
试点	任期制	江苏
试点	契约化	江苏
试点	董事会	内蒙古
试点	法人治理结构	内蒙古
试点	激励约束机制	内蒙古
试点	员工持股	沈阳
试点	员工持股	上海
试点	混合所有制改革	山西
试点	混合所有制改革	香港
试点	法人治理结构	香港
试点	完善现代企业制度	山西
试点	中长期激励机制	广东
试点	混合所有制改革	大连
试点	经理层	大连
试点	董事会	沈阳
试点	任期制	大连
试点	权责对等	广东
试点	员工持股	河南
试点	法人治理结构	长沙
试点	监事会	长沙
试点	持股方式	长沙
试点	任期制	广州
试点	国家战略	上海
试点	股权结构	长沙
试点	契约化	广州
试点	原则	上海
试点	员工持股	长沙
试点	持股比例	上海
试点	混合所有制改革	福建
试点	任期制	济南
试点	契约化	济南
试点	董事会	济南
试点	现代企业制度	南宁
试点	分类推进	辽宁
试点	激励约束机制	烟台
试点	契约化	烟台
试点	组织实施	烟台
试点	职业经理人制度	辽宁
试点	现代企业制度	河南
试点	经理层	河南
试点	董事会	河南
试点	党组织	河南
试点	历史遗留问题	辽宁
试点	监事会	河南
试点	员工持股	辽宁
试点	组织实施	广东
试点	科创板	深圳
试点	关键核心技术	深圳
试点	激励约束机制	湖北
试点	任期制	安徽
试点	董事会	安徽
试点	员工持股	安徽
试点	股权管理	安徽
试点	国务院国资委	安徽
试点	混合所有制改革	河南
试点	子公司层面	河南
试点	集团公司层面	河南
试点	股权结构设置	长沙
试点	法人治理结构	株洲
试点	混合所有制改革	成都
试点	员工持股	山西
试点	员工持股	株洲
试点	国务院国资委	上海
试点	激励约束机制	江西
试点	混合所有制改革	济南
试点	混合所有制改革	百色
试点	法人治理结构	江西
试点	董事会	上海
试点	防止利益输送	北京
试点	员工持股	北京
试点	董事会	北京
试点	契约化	北京
试点	任期制	北京
试点	国务院国资委	北京
试点	董事会	山西
试点	现代企业制度	山西
试点	并购重组	山西
试点	经营机制	山西
试点	科创板	上海
试点	原则	四川
试点	利益输送	北京
试点	混合所有制改革	株洲
试点	操作流程	株洲
试点	董事会	江苏
试点	董事会	云南
试点	混合所有制改革	甘肃
试点	混合所有制改革	梧州
试点	持股比例	芜湖
试点	混合所有制改革	盘锦
试点	法人治理结构	盘锦
试点	职业经理人制度	盘锦
试点	历史遗留问题	盘锦
试点	员工持股	盘锦
试点	关联交易	上海
研究	混合所有制改革	赵杰
研究	赵杰	混合所有制改革
研究	混合所有制改革	王晓初
研究	混合所有制改革	马勇
研究	有序推进	曹宇
研究	任期制	李锦
研究	契约化	李锦
研究	混合所有制改革	李沛兴
研究	及时跟踪改革进展	李沛兴
研究	混合所有制改革	吴琦
研究	李希	分类推进
研究	高春毅	员工持股
研究	混合所有制改革	周丽莎
研究	董事会	周丽莎
研究	一企一策	周丽莎
研究	法人治理结构	周丽莎
研究	员工持股	周丽莎
研究	周丽莎	员工持股
研究	周丽莎	激励约束机制
研究	周丽莎	董事会
研究	周丽莎	法人治理结构
研究	周丽莎	一企一策
研究	法人治理结构	李云峰
研究	周丽莎	混合所有制改革
研究	混合所有制改革	王绛
研究	王曙光	混合所有制改革
研究	周丽莎	监管制度
研究	王绛	董事会
研究	彭建国	资产定价
研究	彭建国	财务审计
研究	彭建国	清产核资
研究	彭建国	利益输送
研究	现代企业制度	卢永真
研究	混合所有制改革	李锦
研究	财务审计	彭建国
研究	国务院国资委	彭建国
研究	关联交易	彭建国
研究	彭建国	关联交易
研究	利益输送	彭建国
研究	清产核资	彭建国
研究	资产定价	彭建国
研究	混合所有制改革	彭建国
研究	集团公司层面	彭建国
研究	操作流程	彭建国
研究	组织实施	彭建国
研究	现代企业制度	黄淑和
研究	整体上市	彭建国
研究	并购重组	彭建国
研究	法人治理结构	黄淑和
研究	经营机制	彭建国
研究	现代企业制度	张运洲
研究	法人治理结构	张运洲
研究	监事会	彭建国
研究	董事会	彭建国
研究	张运洲	法人治理结构
研究	管理模式	彭建国
研究	张运洲	历史遗留问题
研究	张运洲	现代企业制度
研究	员工持股	彭建国
研究	彭建国	员工持股
研究	彭建国	管理模式
研究	法人治理结构	彭建国
研究	彭建国	法人治理结构
研究	彭建国	监事会
研究	彭建国	董事会
研究	董事会	卢永真
研究	卢永真	董事会
研究	黄亚玲	法人治理结构
研究	黄亚玲	公共资源配置市场化
研究	黄亚玲	放开竞争性业务
研究	董事会	李锦
研究	混合所有制改革	王石
研究	董事会	李维安
研究	重要行业和关键领域	卢永真
研究	重要行业和关键领域	黄群慧
研究	重要行业和关键领域	李锦
研究	混合所有制改革	黄亚玲
研究	混合所有制改革	林庆苗
研究	混合所有制改革	张喜亮
研究	混合所有制改革	徐善长
研究	放开竞争性业务	黄亚玲
研究	董事会	张喜亮
研究	董事会	徐善长
研究	现代企业制度	张春晓
研究	公共资源配置市场化	黄亚玲
研究	现代企业制度	刘纪鹏
研究	现代企业制度	黄亚玲
研究	法人治理结构	林庆苗
研究	法人治理结构	张喜亮
研究	法人治理结构	黄亚玲
研究	法人治理结构	徐善长
研究	刘纪鹏	现代企业制度
研究	员工持股	张喜亮
研究	张春晓	现代企业制度
研究	王森	法人治理结构
研究	邓沛然	员工持股
研究	邓沛然	法人治理结构
研究	混合所有制改革	李明星
研究	周渝波	法人治理结构
研究	周渝波	党组织
研究	周渝波	现代企业制度
研究	混合所有制改革	许保利
研究	混合所有制改革	张春晓
研究	魏海军	董事会
研究	魏海军	经理层
研究	王绛	法人治理结构
研究	王绛	党组织
研究	王绛	经理层
研究	王绛	现代企业制度
研究	陈刚	董事会
研究	陈刚	法人治理结构
研究	陈刚	党组织
研究	凌文	三项制度改革
研究	李锦	子公司层面
研究	子公司层面	李锦
研究	研发创新	李锦
研究	现代企业制度	李锦
研究	法人治理结构	李锦
研究	李锦	混合所有制改革
研究	孟玮	混合所有制改革
研究	孟玮	完善治理
研究	混合所有制改革	魏茂军
研究	李晓	混合所有制改革
研究	魏茂军	混合所有制改革
研究	王昌顺	董事会
研究	刘锋	董事会
研究	王昌顺	混合所有制改革
研究	刘锋	集团公司层面
研究	刘锋	子公司层面
研究	刘锋	分层推进
研究	刘锋	混合所有制改革
研究	混合所有制改革	张文魁
研究	李锦	研发创新
研究	李锦	引入非国有资本
研究	孟玮	一企一策
研究	李锦	现代企业制度
研究	李锦	法人治理结构
研究	李锦	完善现代企业制度
研究	完善现代企业制度	李锦
研究	混合所有制改革	朱振鑫
研究	子公司层面	傅成玉
研究	组织实施	傅成玉
研究	混合所有制改革	黄群慧
研究	市场主体地位	黄群慧
研究	现代企业制度	黄群慧
研究	国有资产流失	黄群慧
研究	增资扩股	黄群慧
研究	混合所有制改革	李稻葵
研究	董事会	李稻葵
实施	混合所有制改革	兖矿集团
实施	科创板	中国联通
实施	混合所有制改革	中国联通
实施	混合所有制改革	徐工集团
实施	持股比例	中国联通
实施	混合所有制改革	国投
实施	混合所有制改革	中粮集团
实施	混合所有制改革	正大集团
实施	混合所有制改革	国家电网
实施	任期制	国投
实施	契约化	国投
实施	混合所有制改革	中国能建
实施	员工持股	中国能建
实施	混合所有制改革	格力集团
实施	混合所有制改革	民生证券
实施	混合所有制改革	中广核
实施	混合所有制改革	中国航信
实施	混合所有制改革	国药集团
实施	混合所有制改革	中国铁建
实施	混合所有制改革	中国通号
实施	混合所有制改革	中国中车集团
实施	混合所有制改革	中国建材
实施	混合所有制改革	通用技术集团
实施	混合所有制改革	中国五矿
实施	混合所有制改革	中航工业
实施	混合所有制改革	中国国新
实施	股权结构	中粮集团
实施	混合所有制改革	国家能源集团
实施	分类推进	城投公司
实施	混合所有制改革	汾酒集团
实施	内部管理	汾酒集团
实施	国务院国资委	汾酒集团
实施	混合所有制改革	中国电信
实施	混合所有制改革	中信集团
实施	党组织	江苏地质矿产设计研究院
实施	混合所有制改革	江苏地质矿产设计研究院
实施	混合所有制改革	华侨城集团
实施	法人治理结构	江苏地质矿产设计研究院
实施	董事会	华侨城集团
实施	董事会	中广核
实施	混合所有制改革	哈电集团
实施	混合所有制改革	南方电网
实施	混合所有制改革	东航集团
实施	混合所有制改革	中国中铁
实施	董事会	江苏地质矿产设计研究院
实施	混合所有制改革	中国石油
实施	混合所有制改革	中国宝武
实施	混合所有制改革	招商局集团
实施	激励约束机制	航天科工
实施	混合所有制改革	中国石化
实施	混合所有制改革	中国移动
实施	董事会	国家电网
实施	董事会	航天科工
实施	激励约束机制	国家电网
实施	混合所有制改革	南航集团
实施	董事会	南航集团
实施	激励约束机制	中国联通
实施	董事会	中国诚通
实施	董事会	中粮集团
实施	董事会	南方电网
实施	董事会	中国通用技术集团
实施	董事会	华润集团
实施	董事会	中广核集团
实施	法人治理结构	中粮集团
实施	法人治理结构	中国通用技术集团
实施	法人治理结构	中国诚通
实施	法人治理结构	南方电网
实施	法人治理结构	华润集团
实施	法人治理结构	中广核集团
实施	内部管理	南方电网
实施	集团公司层面	中粮集团
实施	市场化选人用人机制	南方电网
实施	市场化选人用人机制	中国诚通
实施	市场化选人用人机制	中粮集团
实施	市场化选人用人机制	中广核集团
实施	监事会	国投
实施	管理模式	国投
实施	混合所有制改革	中国诚通
实施	员工持股	国投
实施	混合所有制改革	中国通用技术集团
实施	混合所有制改革	华润集团
实施	混合所有制改革	中广核集团
实施	董事会	国投
实施	法人治理结构	国投
实施	现代企业制度	南方电网
实施	现代企业制度	中国诚通
实施	现代企业制度	中粮集团
实施	现代企业制度	中国通用技术集团
实施	现代企业制度	华润集团
实施	现代企业制度	中广核集团
实施	董事会	国有控股企业
实施	董事会	北京钓鱼台国宾馆
实施	员工持股	中国五矿
实施	混合所有制改革	中国投融资担保股份有限公司
实施	完善现代企业制度	闽江饭店
实施	董事会	广汽集团
实施	增资扩股	中国黄金
实施	持股比例	中国黄金
实施	法人治理结构	广汽集团
实施	党组织	中国铁建
实施	董事会	中国移动
实施	董事会	中国联通
实施	党组织负责人	中国铁建
实施	党组织	国有控股企业
实施	法人治理结构	中国移动
实施	法人治理结构	中国联通
实施	党组织工作经费	国家电网
实施	党组织工作经费	中船重工
实施	现代企业制度	国投
实施	党组织负责人	中智公司
实施	现代企业制度	广汽集团
实施	管理模式	中国投融资担保股份有限公司
实施	党组织	国投
实施	资本监管	国投
实施	运转协调	国投
实施	法人治理结构	国有控股企业
实施	权责对等	国投
实施	审计监督	国投
实施	中长期激励机制	中国建筑
实施	现代企业制度	闽江饭店
实施	经理层	闽江饭店
实施	法人治理结构	闽江饭店
实施	契约化	中国诚通
实施	董事会	闽江饭店
实施	党组织隶属关系	长沙银行
实施	监事会	闽江饭店
实施	任期制	闽江饭店
实施	契约化	闽江饭店
实施	党的建设	中国海油
实施	混合所有制改革	北京全路通信信号研究设计院集团有限公司
实施	经理层	兖矿集团
实施	员工持股	中国国新
实施	董事会	兖矿集团
实施	混合所有制改革	中国农发集团
实施	党组织	兖矿集团
实施	党的建设	中国投融资担保股份有限公司
实施	历史遗留问题	北京全路通信信号研究设计院集团有限公司
实施	历史遗留问题	中国通号
实施	法人治理结构	新疆广电网络有限责任公司
实施	权责关系	中国电科
实施	经理层	中国电科
实施	董事会	中国电科
实施	混合所有制改革	合肥江航飞机装备有限公司
实施	混合所有制改革	中核集团
实施	混合所有制改革	中国黄金
实施	持股比例	合肥江航飞机装备有限公司
实施	持股比例	中核集团
实施	国务院国资委	新疆广电网络有限责任公司
实施	股权结构	合肥江航飞机装备有限公司
实施	股权结构	中核集团
实施	股权结构	中国黄金
实施	股权结构	中国联通
实施	国务院国资委	中核集团
实施	国务院国资委	中国黄金
实施	国务院国资委	中国联通
实施	公开透明	合肥江航飞机装备有限公司
实施	公开透明	中核集团
实施	公开透明	中国黄金
实施	公开透明	中国联通
实施	现代企业制度	中国国新
实施	党组织	中国国新
实施	法人治理结构	中国国新
实施	混合所有制改革	中煤集团
实施	分层推进	中煤集团
实施	混合所有制改革	新疆广电网络有限责任公司
实施	董事会	新疆广电网络有限责任公司
实施	三项制度改革	招商局集团
实施	完善治理	国家电网
实施	混合所有制改革	中船重工
实施	党组织	巨化集团
实施	激励约束机制	西安西电电力系统有限公司
实施	契约化	郑州煤矿机械集团股份有限公司
实施	经理层	招商局集团
实施	法人治理结构	招商局集团
实施	经理层	东药集团
实施	员工持股	招商局集团
实施	法人治理结构	中国铁建
实施	经理层	中国移动
实施	经理层	中国联通
实施	党组织	中国移动
实施	党组织	中国联通
实施	管理模式	兖矿集团
实施	任期制	郑州煤矿机械集团股份有限公司
实施	混合所有制改革	中国一重
实施	资本为纽带	广汽集团
实施	经理层	南方电网
实施	权责对等	南方电网
实施	中长期激励机制	南方电网
实施	董事会	国家能源集团
实施	国务院国资委	中国中车集团
实施	混合所有制改革	上汽集团
实施	国务院国资委	中广核
实施	契约化	中国国新
实施	混合所有制改革	中信证券
实施	经理层	中国五矿
实施	经理层	中钨高新材料股份有限公司
实施	董事会	中国五矿
实施	董事会	中钨高新材料股份有限公司
实施	法人治理结构	中国五矿
实施	法人治理结构	中钨高新材料股份有限公司
实施	契约化	中国五矿
实施	股权管理	中国国新
实施	契约化	中钨高新材料股份有限公司
实施	股权管理	中国诚通
实施	法人治理结构	中国中铁
实施	法人治理结构	中国一重
实施	法人治理结构	新兴际华集团
实施	混合所有制改革	工商银行
实施	董事会	工商银行
实施	法人治理结构	中信证券
实施	法人治理结构	国家电网
实施	混合所有制改革	郑州煤矿机械集团股份有限公司
实施	混合所有制改革	中国建筑
实施	混合所有制改革	中国三峡集团
实施	混合所有制改革	航天科技
实施	混合所有制改革	南光集团
实施	混合所有制改革	新兴际华集团
实施	混合所有制改革	中国远洋海运
实施	混合所有制改革	国机集团
实施	混合所有制改革	国家电投
实施	国务院国资委	鞍钢
实施	国务院国资委	航天科技
实施	国务院国资委	中国石油
实施	国务院国资委	国家能源集团
实施	国务院国资委	国家电网
实施	国务院国资委	中国三峡集团
实施	原则	招商局集团
实施	资产评估	招商局集团
实施	国务院国资委	中国移动
实施	国务院国资委	中航集团
实施	法人治理结构	东药集团
实施	员工持股	中国中车集团
实施	董事会	中国中车集团
实施	董事会	中国建筑
实施	员工持股	中广核
实施	董事会	东药集团
实施	董事会	中航集团
实施	员工持股	中国建筑
实施	董事会	中国三峡集团
实施	员工持股	中航集团
实施	董事会	中国石油
实施	董事会	航天科技
实施	员工持股	中国移动
实施	员工持股	国家能源集团
实施	员工持股	中国三峡集团
实施	员工持股	国家电网
实施	员工持股	中国石油
实施	员工持股	航天科技
实施	退出机制	中国联通
实施	任期制	广汽集团
实施	混合所有制改革	华录集团
实施	契约化	广汽集团
实施	三项制度改革	广汽集团
实施	董事会	广东省输变电工程公司
实施	混合所有制改革	阳煤集团
实施	科创板	兖矿集团
实施	董事会	中国黄金
实施	混合所有制改革	泰国正大集团
实施	混合所有制改革	中盐集团
实施	员工持股	中国联通
实施	混合所有制改革	一汽集团
实施	集团公司层面	中国联通
实施	混合所有制改革	东风实业有限公司
实施	员工持股	中国宝武
实施	员工持股	东方航空物流有限公司
实施	员工持股	东航集团
实施	股权结构	东方航空物流有限公司
实施	增资扩股	广汽集团
实施	员工持股	中核集团
实施	员工持股	中粮集团
实施	混合所有制改革	中交集团
实施	持股方式	城投公司
实施	激励约束机制	中信集团
实施	混合所有制改革	中国巨石股份有限公司
实施	退出机制	中信集团
实施	一企一策	中国石化
实施	董事会	中国石化
实施	混合所有制改革	马钢集团
实施	混合所有制改革	淮南矿业集团
实施	历史遗留问题	淮南矿业集团
实施	简政放权	中国联通
实施	混合所有制改革	城投公司
实施	混合所有制改革	中国石油化工股份有限公司
实施	子公司层面	中国石油
实施	子公司层面	中石化石油工程机械有限公司
实施	子公司层面	中国石油化工股份有限公司
实施	混合所有制改革	北新集团建材股份有限公司
实施	法人治理结构	中国黄金
实施	混合所有制改革	中国华能
实施	关联交易	中粮集团
实施	混合所有制改革	中国诚通集团
实施	混合所有制改革	保利集团
实施	治理结构	国家电投
实施	科创板	国家电网
实施	经理层	中国诚通集团
实施	董事会	中国诚通集团
实施	法人治理结构	中国诚通集团
实施	退出机制	中国诚通集团
实施	混合所有制改革	恒大集团
实施	混合所有制改革	绿地集团
实施	员工持股	绿地集团
实施	股权结构	绿地集团
实施	增资扩股	绿地集团
实施	混合所有制改革	山东黄金集团
实施	混合所有制改革	金隅集团
实施	市场化选人用人机制	中国中铁
实施	激励约束机制	中国中铁
实施	持股比例	奇瑞
实施	混合所有制改革	中国国投国际贸易有限公司
实施	董事会	格力集团
实施	混合所有制改革	国网新源控股有限公司
实施	混合所有制改革	国网通用航空有限公司
实施	混合所有制改革	英大泰和财产保险股份有限公司
实施	混合所有制改革	英大泰和人寿保险股份有限公司
实施	分类推进	兖矿集团
实施	集团公司层面	中盐集团
实施	混合所有制改革	奇瑞
实施	混合所有制改革	中国银行
实施	混合所有制改革	中兴通讯
实施	混合所有制改革	中化集团
同事	刘立军	王晓东
同事	徐福顺	徐进
同事	徐进	徐福顺
同事	王敏	舒印彪
同事	舒印彪	王森
同事	郝鹏	翁杰明
同事	王勇	孟扬
同事	王勇	郝鹏
同事	郝鹏	孟扬
同事	郝鹏	王勇
同事	孟扬	郝鹏
同事	孟扬	王勇
同事	刘鹤	连维良
同事	连维良	刘鹤
同事	翁杰明	彭华岗
同事	彭华岗	翁杰明
合作	国文清	王晓东
合作	国文清	刘立军
合作	王晓东	国文清
合作	董明珠	盘和林
合作	冯韶慧	王东峰
合作	贾康	董明珠
合作	温信祥	范一飞
合作	陈锡文	王勇
合作	陈锡文	王文涛
合作	陈锡文	张军
合作	傅育宁	翁杰明
合作	王文涛	王勇
合作	傅育宁	张纪辉
合作	张纪辉	傅育宁
合作	张纪辉	翁杰明
合作	王清宪	孟凡利
合作	孟凡利	王清宪
合作	王文涛	张军
合作	王文涛	陈锡文
合作	张军	王勇
合作	张军	陈锡文
合作	张军	王文涛
合作	王晓东	刘立军
合作	何立峰	连维良
合作	贾康	黄达
合作	黄达	贾康
合作	冯韶慧	王晓东
合作	冯韶慧	翁杰明
合作	刘昆	邹加怡
合作	王晓东	翁杰明
合作	王晓东	冯韶慧
合作	周子学	罗文
合作	王树东	钱智民
合作	刘纪鹏	王石
合作	王石	刘纪鹏
合作	钱智民	李树
合作	苗圩	王绛
合作	徐福顺	王勇
合作	徐福顺	王建
合作	王建	王勇
合作	李扬	范一飞
合作	王建	徐福顺
合作	钱智民	王树东
合作	钱智民	易炼红
合作	钱智民	张海波
合作	钱智民	翁杰明
合作	钱智民	唐登杰
合作	张海波	钱智民
合作	张海波	易炼红
合作	唐登杰	翁杰明
合作	唐登杰	钱智民
合作	陈刚	王勇
合作	陈刚	孟建民
合作	陈刚	陈敏尔
合作	易炼红	钱智民
合作	易炼红	张海波
合作	易炼红	王树东
合作	王英杰	陈元
合作	王树东	易炼红
合作	陈敏尔	王勇
合作	陈敏尔	陈刚
合作	陈敏尔	孟建民
合作	孟建民	王勇
合作	孟建民	陈刚
合作	孟建民	陈敏尔
合作	刘化龙	王勇
合作	王绛	苗圩
合作	郭树清	楼继伟
合作	郭树清	吴敬琏
合作	郭树清	蒋一苇
合作	贾康	黄剑辉
合作	周丽莎	刘昆
合作	楼继伟	蒋一苇
合作	楼继伟	吴敬琏
合作	楼继伟	郭树清
合作	吴敬琏	蒋一苇
合作	吴敬琏	楼继伟
合作	吴敬琏	郭树清
合作	蒋一苇	郭树清
合作	蒋一苇	楼继伟
合作	蒋一苇	吴敬琏
合作	周丽莎	刘鹤
合作	周放生	刘纪鹏
合作	周放生	刘鹤
合作	吴明曦	孙伟
合作	孙伟	吴明曦
合作	刘纪鹏	贺强
合作	陈清泰	郭树清
合作	贺强	刘纪鹏
合作	陈清泰	楼继伟
合作	陈清泰	吴敬琏
合作	陈清泰	蒋一苇
合作	钱智民	张韶春
合作	钱智民	李纪恒
合作	李纪恒	钱智民
合作	张韶春	钱智民
合作	贾康	孔丹
合作	郑东华	李希
合作	郑东华	李明星
合作	李明星	郑东华
合作	李明星	李希
合作	贾康	白景明
合作	白景明	贾康
合作	李希	郑东华
合作	李希	李明星
合作	高培勇	刘世锦
合作	韩正	王沪宁
合作	王沪宁	韩正
合作	钱智民	郝鹏
合作	钱智民	李强
合作	王树东	李强
合作	王树东	郝鹏
合作	李强	郝鹏
合作	李强	王树东
合作	李强	钱智民
合作	陈清泰	傅成玉
合作	陈清泰	黄群慧
合作	陈清泰	刘元春
合作	陈清泰	李维安
合作	傅成玉	黄群慧
合作	傅成玉	陈清泰
合作	傅成玉	刘元春
合作	傅成玉	李维安
合作	刘元春	傅成玉
合作	刘元春	黄群慧
合作	刘元春	陈清泰
合作	刘元春	李维安
合作	张文魁	王晓秋
合作	王晓秋	张文魁
合作	贾康	梁季
合作	高明华	黄淑和
合作	李保民	贾尽裴
合作	李保民	胡迟
合作	宋志平	卢永真
合作	卢永真	宋志平
合作	梁涛	李维安
合作	梁涛	宋志平
合作	梁涛	黄群慧
合作	梁涛	李明星
合作	卢永真	李锦
合作	杜天佳	王佳佳
合作	王佳佳	杜天佳
合作	李锦	卢永真
合作	黄群慧	卢永真
合作	黄群慧	李锦
合作	李锦	黄群慧
合作	卢永真	黄群慧
合作	彭建国	李河君
合作	李河君	彭建国
合作	黄群慧	李维安
合作	黄群慧	马建堂
合作	李维安	李明星
合作	李维安	黄群慧
合作	李维安	宋志平
合作	李维安	梁涛
合作	李维安	马建堂
合作	李明星	黄群慧
合作	李明星	宋志平
合作	李明星	梁涛
合作	李明星	李维安
合作	李明星	马建堂
合作	刘纪鹏	张春晓
合作	张喜武	王绛
合作	马建堂	李明星
合作	马建堂	黄群慧
合作	马建堂	李维安
合作	马建堂	梁涛
合作	马建堂	宋志平
合作	王佳佳	卢永真
合作	卢永真	王佳佳
合作	张春晓	刘纪鹏
合作	黄群慧	李明星
合作	黄群慧	宋志平
合作	黄群慧	梁涛
合作	宋志平	李明星
合作	宋志平	黄群慧
合作	宋志平	梁涛
合作	宋志平	李维安
合作	宋志平	马建堂
合作	梁涛	马建堂
合作	徐斌	张文军
合作	张文军	徐斌
合作	王清宪	马卫刚
合作	马卫刚	王清宪
合作	吕志成	李合义
合作	李合义	吕志成
合作	王智奎	沈莹
合作	沈莹	王智奎
合作	胡广坤	王勇
合作	凌文	乔保平
合作	凌文	李锦
合作	乔保平	李锦
合作	乔保平	凌文
合作	李锦	乔保平
合作	李锦	凌文
合作	沈莹	王文涛
合作	王文涛	王智奎
合作	王国生	刘伟
合作	刘伟	王国生
合作	凌文	廖增太
合作	凌文	谭旭光
合作	李明星	张旭
合作	唐复平	国文清
合作	李俨钧	宋忠庆
合作	王敏	王森
合作	舒印彪	王敏
合作	王绛	陈刚
合作	陈刚	王绛
合作	刘家义	彭海斌
合作	王彤宙	郝鹏
合作	彭海斌	刘家义
合作	张毅	张喜武
合作	胡爱民	姚桂清
合作	姚桂清	胡爱民
合作	陈超英	郝鹏
合作	陈超英	彭华岗
合作	陈超英	翁杰明
合作	陈超英	赵爱明
合作	陈超英	孟建民
合作	孟建民	彭华岗
合作	孟建民	翁杰明
合作	孟建民	郝鹏
合作	孟建民	赵爱明
合作	孟建民	陈超英
合作	赵爱明	彭华岗
合作	赵爱明	孟建民
合作	赵爱明	陈超英
合作	李锦	刘鹤
合作	贾康	曹远征
合作	贾康	刘元春
合作	贾康	彭森
合作	曹远征	刘元春
合作	曹远征	彭森
合作	曹远征	贾康
合作	刘元春	曹远征
合作	刘元春	彭森
合作	刘元春	贾康
合作	彭森	曹远征
合作	彭森	刘元春
合作	彭森	贾康
合作	程志明	孙龙德
合作	王文斌	张毅
合作	张毅	王文斌
关注	连维良	引入非国有资本
关注	翁杰明	员工持股
关注	翁杰明	混合所有制改革
关注	刘鹤	混合所有制改革
关注	翁杰明	激励约束机制
关注	翁杰明	董事会
关注	刘鹤	法人治理结构
关注	刘鹤	经理层
关注	翁杰明	国务院国资委
关注	翁杰明	党的建设
关注	翁杰明	法人治理结构
关注	翁杰明	契约化
关注	翁杰明	任期制
关注	翁杰明	党组织
关注	翁杰明	经理层
关注	法人治理结构	翁杰明
关注	翁杰明	一企一策
关注	激励约束机制	翁杰明
关注	彭华岗	三项制度改革
关注	彭华岗	契约化
关注	彭华岗	董事会
关注	郝鹏	国务院国资委
关注	彭华岗	任期制
关注	郝鹏	董事会
关注	郝鹏	资产评估
关注	郝鹏	法人治理结构
关注	彭华岗	中长期激励机制
关注	彭华岗	员工持股
关注	彭华岗	市场化薪酬分配机制
关注	彭华岗	法人治理结构
关注	彭华岗	一企一策
关注	彭华岗	国务院国资委
关注	翁杰明	利益输送
关注	彭华岗	混合所有制改革
关注	翁杰明	股权结构
关注	翁杰明	投资入股
关注	翁杰明	子公司层面
关注	翁杰明	分层推进
关注	彭华岗	经理层
关注	混合所有制改革	刘鹤
关注	翁杰明	防止利益输送
关注	连维良	混合所有制改革
关注	彭华岗	分类推进
关注	翁杰明	分类推进
关注	翁杰明	管理模式
任职	翁杰明	国药集团
任职	翁杰明	中国铁建
任职	翁杰明	中国通号
任职	翁杰明	中国中车集团
任职	翁杰明	中国建材
任职	翁杰明	国投
任职	翁杰明	通用技术集团
任职	翁杰明	中国五矿
任职	翁杰明	中粮集团
任职	翁杰明	中航工业
任职	翁杰明	中国国新
任职	周亮	万达集团
任职	周亮	中金公司
任职	翁杰明	民生证券
任职	翁杰明	中广核
任职	翁杰明	中国航信
任职	翁杰明	华润集团
任职	罗文	中国电子
任职	翁杰明	国家电投
任职	王勇	航天科工
任职	翁杰明	国家电网
任职	翁杰明	航天科工
任职	郝鹏	国家电投
任职	王勇	中国建筑
任职	郝鹏	中航通用飞机有限责任公司
任职	郝鹏	国机集团
任职	翁杰明	兵器工业集团
任职	翁杰明	武汉重型机床集团有限公司
任职	郝鹏	中煤地质总局
任职	郝鹏	冶金地质总局
任职	郝鹏	上汽集团
任职	郝鹏	中国一汽
任职	郝鹏	中国有色集团
会见	周亮	王志刚
会见	王勇	王文涛
会见	王勇	陈锡文
会见	王勇	张军
会见	范一飞	温信祥
会见	翁杰明	张纪辉
会见	翁杰明	傅育宁
会见	连维良	何立峰
会见	翁杰明	冯韶慧
会见	翁杰明	王晓东
会见	罗文	周子学
会见	翁杰明	唐登杰
会见	翁杰明	钱智民
会见	王勇	徐福顺
会见	王勇	王建
会见	王勇	刘化龙
会见	刘鹤	周丽莎
会见	刘鹤	刘纪鹏
会见	刘鹤	周放生
会见	翁杰明	周丽莎
会见	刘鹤	贾康
会见	郝鹏	王树东
会见	郝鹏	李强
会见	郝鹏	钱智民
会见	郝鹏	陈超英
会见	王勇	胡广坤
会见	郝鹏	周渝波
会见	翁杰明	朱可炳
会见	郝鹏	白英姿
会见	彭华岗	李明星
会见	翁杰明	周渝波
会见	郝鹏	徐福顺
会见	郝鹏	王彤宙
会见	郝鹏	江金
会见	王勇	马凯
会见	刘鹤	李锦
提及	贾康	香港
提及	贾康	河北
提及	贾康	贵州
提及	贾康	广西
提及	贾康	台湾
提及	贾康	南京
提及	董明珠	安徽
提及	董明珠	河北
提及	董明珠	贵州
提及	董明珠	广西
提及	贾康	济南
提及	贾康	苏州
提及	贾康	四川
提及	贾康	安徽
提及	董明珠	济南
提及	董明珠	苏州
提及	董明珠	四川
提及	董明珠	南京
提及	董明珠	杭州
提及	贾康	深圳
提及	贾康	东莞
提及	迟福林	海南
提及	王勇	重庆
提及	王建	重庆
提及	骆惠宁	山西
提及	张绳道	广东
提及	翁杰明	沈阳
提及	翁杰明	上海
提及	翁杰明	深圳
